name_ru,iata_code,name_en,is_lowcost,top_destinations
Авиакон Цитотранс,ZR,Aviacon Zitotrans Air Company JSC,False,[]
Авиастар-ТУ,4B,Aviastar-TU,False,"[('BOS-MSS', 17362), ('CNM-ABQ', 16508), ('MSS-BWI', 15403), ('ABQ-CNM', 14545), ('MSS-BOS', 14206), ('DFW-CNM', 14156), ('CNM-DFW', 13314), ('AOO-PIT', 12841), ('BWI-AOO', 12554), ('AOO-BWI', 11455), ('PIT-AOO', 10582), ('BWI-MSS', 8788), ('CEZ-DEN', 7688), ('DEN-CEZ', 7508), ('CEZ-PHX', 5806), ('PHX-CEZ', 4104), ('PDX-PDT', 3409), ('MKL-ATL', 2903), ('STL-MKL', 2514), ('PDT-PDX', 2001), ('ATL-MKL', 931), ('MKL-STL', 831), ('EUG-ACV', 500), ('MIA-TPA', 445), ('TPA-MIA', 313), ('SOW-PHX', 283), ('PHX-SOW', 277), ('DEN-MCK', 35), ('MCK-DEN', 23), ('BOS-EWR', 18), ('LAS-OAK', 11), ('EWR-BOS', 7), ('TEX-DEN', 4), ('DFW-LAS', 2), ('BUR-OAK', 1)]"
Аврора,HZ,Aurora,False,"[('KHV-VVO', 73610199), ('KHV-UUS', 51381015), ('VVO-KHV', 45926830), ('UUS-KHV', 42769965), ('UUS-VVO', 39441151), ('KJA-VVO', 38450487), ('IKT-KHV', 31618822), ('KJA-KHV', 29739580), ('OVB-KHV', 26597019), ('VVO-UUS', 25380801), ('KHV-IKT', 21254887), ('VVO-KJA', 19065878), ('KHV-KJA', 17984880), ('KHV-OVB', 15654857), ('PKC-VVO', 11661305), ('KHV-PKC', 10467144), ('VVO-PKC', 9920597), ('PKC-KHV', 9733194), ('BQS-KHV', 8083638), ('KHV-BQS', 7521045), ('GDX-KHV', 7121870), ('KJA-UUS', 6403826), ('PKX-VVO', 5833713), ('BQS-VVO', 5180281), ('VVO-UUD', 5123517), ('VVO-PKX', 4664173), ('KJA-UUD', 4654242), ('UUS-KJA', 4384228), ('UUD-VVO', 4280980), ('KHV-GDX', 3865317), ('VVO-BQS', 3787188), ('UUD-KJA', 3259714), ('HTA-VVO', 3248426), ('BQS-UUS', 3170393), ('HRB-VVO', 3103503), ('KHV-HRB', 2812908), ('VVO-HRB', 2705584), ('GDX-PKC', 2513592), ('KHV-PKX', 2327466), ('UUS-BQS', 2326180), ('UUD-KHV', 2324186), ('HRB-KHV', 2291940), ('PKX-KHV', 2066892), ('VVO-HTA', 2061623), ('KHV-UUD', 1950692), ('HTA-KHV', 1792942), ('KJA-YKS', 1707763), ('NER-KHV', 1561702), ('KHV-HTA', 1546301), ('UUS-PKC', 1542135), ('PKC-UUS', 1475454), ('YKS-KJA', 1449856), ('PKC-GDX', 1371319), ('KHV-YKS', 1295118), ('KHV-NER', 1224545), ('UUS-OHH', 1104652), ('YKS-KHV', 971746), ('OHH-KHV', 834406), ('OHH-UUS', 821163), ('UUS-GVN', 813670), ('GVN-UUS', 748431), ('KXK-VVO', 689462), ('UUS-KXK', 643519), ('KHV-OHH', 583008), ('KXK-UUS', 503834), ('UUD-YKS', 499880), ('BQS-YKS', 482779), ('YKS-UUD', 461296), ('MJZ-KHV', 460822), ('YKS-BQS', 445486), ('VVO-KXK', 422794), ('KHV-MJZ', 402385), ('UUS-HRB', 376350), ('GVN-VVO', 372965), ('KHV-NLI', 369664), ('HRB-UUS', 368928), ('NLI-KHV', 251470), ('YKS-HTA', 250980), ('VVO-GVN', 250020), ('HTA-YKS', 235726), ('UUS-ITU', 207060), ('NLI-VVO', 202648), ('UUS-DEE', 184827), ('TYD-KHV', 183039), ('ITU-UUS', 147872), ('VVO-NLI', 132118), ('BQS-KXK', 132035), ('KHV-TYD', 115503), ('KXK-BQS', 107702), ('BQS-TYD', 101117), ('DEE-UUS', 91179), ('TYD-BQS', 79038), ('KHV-DYR', 78292), ('DYR-KHV', 76793), ('DYR-PKC', 59159), ('ITU-VVO', 55958), ('VVO-ITU', 50222), ('UUS-EKS', 31021), ('EKS-UUS', 29746), ('UUD-ХЖР', 27114)]"
Азимут,A4,Azimuth,False,"[('MRV-AER', 425092887), ('AER-MRV', 411927449), ('AER-IST', 302061467), ('MRV-IST', 280643712), ('VKO-EVN', 206952099), ('MRV-EVN', 188909236), ('IST-AER', 188554567), ('IST-MRV', 157105834), ('EVN-VKO', 130261968), ('VKO-IST', 125133539), ('EVN-MRV', 121591886), ('IST-VKO', 118370032), ('AER-EVN', 105047243), ('UFA-MRV', 84067906), ('MRV-UFA', 71207954), ('MRV-GYD', 67285518), ('EVN-AER', 62545178), ('MRV-MCX', 61512882), ('AER-MCX', 59106702), ('MCX-MRV', 58136114), ('VKO-PKV', 54556152), ('VKO-TBS', 49884608), ('PKV-VKO', 45832862), ('AER-GYD', 44185381), ('MCX-AER', 42638700), ('AER-AYT', 39832021), ('KUF-MRV', 38245664), ('TBS-VKO', 37758673), ('GYD-MRV', 36710198), ('LED-MRV', 36498460), ('PKV-AER', 36473461), ('MRV-KUF', 30334991), ('AYT-AER', 29664101), ('PEE-MRV', 29142752), ('MRV-AYT', 28830061), ('MRV-LED', 28186192), ('VKO-LED', 27868443), ('GYD-AER', 25588117), ('CEK-MRV', 25143407), ('MRV-PEE', 24393879), ('AER-PKV', 23795591), ('LED-VKO', 23519429), ('VOG-MRV', 22702627), ('AYT-MRV', 21609553), ('AER-DWC', 20555434), ('MRV-CEK', 20350141), ('MRV-VOG', 18889992), ('LED-KLF', 17742778), ('VKO-ROV', 17334299), ('AER-TLV', 16242427), ('MRV-TAS', 16217500), ('ASF-MRV', 16079667), ('KLF-MRV', 16036185), ('MRV-KLF', 15213667), ('KLF-LED', 14788059), ('MRV-ASF', 14344846), ('TJM-MRV', 14180426), ('MRV-TJM', 13691090), ('PEE-MCX', 12576454), ('GSV-MRV', 12219346), ('MRV-DXB', 12213159), ('KLF-AER', 12064592), ('ROV-VKO', 12007621), ('MRV-DWC', 11915248), ('PEZ-MRV', 11293470), ('NBC-MRV', 11124818), ('MRV-NBC', 11100601), ('TLV-AER', 10920520), ('DWC-AER', 10779802), ('MRV-TLV', 10677835), ('UFA-OMS', 9882668), ('PKV-KGD', 9774180), ('AER-KLF', 9710403), ('VKO-CEK', 9687059), ('MCX-EVN', 9576026), ('OMS-UFA', 9519688), ('ROV-AER', 8966164), ('DXB-MRV', 8870823), ('TAS-MRV', 8833838), ('MRV-ALA', 8454313), ('KJA-UFA', 8446008), ('UFA-EVN', 8313212), ('MRV-GSV', 8155257), ('UFA-KJA', 8082796), ('TLV-MRV', 7827408), ('AER-TBS', 7780268), ('MRV-PEZ', 7745909), ('ALA-MRV', 7496832), ('DWC-MRV', 7469608), ('KGD-PKV', 7458284), ('MCX-PEE', 6947113), ('MRV-TBS', 6819723), ('UFA-ASF', 6663149), ('ASF-GYD', 6575162), ('NJC-MRV', 6527020), ('CEK-VKO', 6493568), ('VKO-NQZ', 6426977), ('TBS-MRV', 6331188), ('UFA-VOG', 6291308), ('AER-ROV', 6163623)]"
Azur Air,ZF,AZUR Air,False,"[('VKO-AYT', 74068919), ('AYT-VKO', 61703163), ('VKO-AER', 18904747), ('AER-VKO', 14314265), ('VKO-HKT', 8497027), ('HKT-VKO', 4592355), ('AYT-KZN', 2643743), ('KZN-AYT', 1801242), ('VKO-HRG', 1591364), ('VKO-SSH', 1581070), ('AYT-SVX', 1568888), ('AER-AYT', 1502116), ('SVX-AYT', 1322110), ('OVB-AYT', 1293470), ('AYT-OVB', 1292390), ('VKO-OVB', 1221241), ('KZN-AER', 1192329), ('SSH-VKO', 1189846), ('HRG-VKO', 1124251), ('AYT-AER', 1071978), ('OVB-VKO', 1059028), ('AYT-UFA', 1006202), ('AYT-GOJ', 978452), ('VKO-DLM', 969534), ('UFA-AYT', 922152), ('AYT-KUF', 888119), ('KUF-AYT', 874351), ('VKO-BJV', 867661), ('VKO-MLE', 791165), ('DLM-VKO', 752396), ('SVX-AER', 736545), ('AER-KZN', 721532), ('LED-AER', 688139), ('BJV-VKO', 617057), ('GOJ-AYT', 588296), ('VKO-DWC', 553856), ('VKO-CMB', 506091), ('AER-SVX', 500538), ('DWC-DME', 490142), ('MLE-VKO', 444637), ('VKO-KUF', 441547), ('AER-LED', 399533), ('KUF-VKO', 364246), ('VKO-EVN', 357828), ('DWC-VKO', 342346), ('KJA-HKT', 342235), ('OVB-HKT', 338908), ('IKT-HKT', 329868), ('DME-DWC', 324195), ('VKO-MRV', 308834), ('VKO-KZN', 285837), ('VKO-UTP', 283565), ('MRV-VKO', 254927), ('EVN-VKO', 250826), ('CMB-VKO', 227902), ('HKT-OVB', 204388), ('AYT-MRV', 196695), ('UTP-VKO', 190051), ('MRV-AYT', 185801), ('AYT-KJA', 169214), ('SVX-DLM', 158924), ('AYT-LED', 156196), ('VKO-TAS', 135963), ('KJA-AYT', 134057), ('VKO-KJA', 114371), ('HKT-KJA', 113343), ('LED-AYT', 108932), ('DLM-SVX', 106334), ('LED-VKO', 102775), ('AER-HKT', 96134), ('HKT-IKT', 94218), ('VVO-HKT', 84912), ('OVB-UTP', 77630), ('VKO-GOI', 70359), ('VKO-CEK', 61794), ('KHV-HKT', 60825), ('VKO-TOF', 57783), ('TOF-VKO', 54836), ('KUF-AER', 54788), ('AYT-SVO', 54623), ('VKO-RKT', 51148), ('GOI-VKO', 50781), ('VKO-VVO', 50128), ('KJA-VKO', 50104), ('HKT-KHV', 46748), ('OMS-HKT', 46434), ('HKT-AER', 45269), ('CEK-VKO', 43994), ('OVB-CMB', 41377), ('SVX-HKT', 37604), ('PEE-HKT', 37579), ('UFA-HKT', 37397), ('DLM-UFA', 36888), ('UTP-OVB', 35484), ('HKT-VVO', 34580), ('LED-SSH', 34251), ('HRG-LED', 31917), ('KUF-CMB', 31858), ('KJA-UTP', 30688), ('SVO-AYT', 29148)]"
"I fly, Ай флай",F7,iFly,False,"[('VKO-AER', 128289569), ('AER-VKO', 104209379), ('VKO-KGD', 5138085), ('KGD-VKO', 3595622), ('LED-AER', 2316198), ('AER-LED', 1936923), ('AER-VVO', 1679777), ('VKO-OVB', 1391129), ('LED-KHV', 1293786), ('OVB-VKO', 1158084), ('AER-KHV', 1129333), ('VKO-KJA', 1105655), ('VKO-HRG', 1064282), ('KJA-VKO', 1011382), ('KHV-LED', 897459), ('HRG-VKO', 822772), ('KHV-AER', 793422), ('VKO-SSH', 792887), ('VVO-AER', 775261), ('SSH-VKO', 734434), ('VKO-UFA', 695218), ('VKO-MRV', 545667), ('VKO-HTA', 512540), ('HTA-VKO', 364311), ('LED-HTA', 293477), ('VKO-KZN', 241715), ('MRV-KHV', 239696), ('UFA-VKO', 236074), ('HTA-LED', 222538), ('AER-HTA', 213789), ('HTA-AER', 210554), ('KZN-VKO', 154486), ('KHV-MRV', 124687), ('VKO-VVO', 111438), ('VVO-VKO', 74526), ('VKO-SVX', 68980), ('KHV-VKO', 62247), ('BQS-AER', 58833), ('AER-UUD', 58483), ('MRV-VVO', 57090), ('UUD-AER', 52994), ('VKO-PKC', 47912), ('AER-BQS', 43103), ('VVO-MRV', 32082), ('MRV-VKO', 31617), ('VKO-LED', 26371), ('UUS-VKO', 24767), ('YKS-AER', 24200), ('PKC-VKO', 24169), ('AER-YKS', 24087), ('VKO-UUS', 22440), ('HRG-LED', 2777), ('HRG-UFA', 2432), ('HRG-KZN', 1702), ('LED-HRG', 1377), ('SVX-HRG', 1263), ('OVB-HRG', 1141), ('HRG-OVB', 1134), ('HRG-SVX', 987), ('HRG-KUF', 970), ('UFA-HRG', 726), ('KZN-HRG', 408), ('KUF-HRG', 397), ('DXB-VKO', 99), ('SVO-SSH', 77), ('KLW-KTN', 14), ('AYT-VKO', 10), ('VKO-VTE', 5), ('VKO-AYT', 3), ('VTE-VKO', 2), ('KHV-YKS', 1), ('KTN-KLW', 1), ('YKS-VKO', 1)]"
Алроса,6R,ALROSA,False,"[('VKO-OVB', 107122863), ('OVB-VKO', 98654650), ('VKO-LED', 89506906), ('LED-VKO', 68313353), ('VKO-AER', 34735117), ('AER-VKO', 19108582), ('OVB-MJZ', 8962394), ('MJZ-OVB', 8259544), ('VKO-MJZ', 8081159), ('MJZ-VKO', 4652039), ('MJZ-IKT', 4604457), ('OVB-AER', 3101329), ('IKT-MJZ', 2538900), ('MJZ-YKS', 2303298), ('AER-OVB', 2167864), ('YKS-MJZ', 1782578), ('VKO-KUF', 1599488), ('VKO-SVX', 1429131), ('VKO-KRR', 1302237), ('KUF-VKO', 877927), ('KRR-VKO', 742326), ('VKO-IKT', 634647), ('IKT-VKO', 601345), ('OVB-PYJ', 588786), ('KUF-OVB', 584440), ('OVB-KUF', 452663), ('OVB-OMS', 427902), ('VKO-MRV', 400607), ('PYJ-OVB', 358912), ('IKT-OVB', 325156), ('OVB-IKT', 295962), ('VKO-UFA', 280254), ('DME-OVB', 274635), ('MRV-VKO', 255374), ('VKO-REN', 252855), ('OMS-OVB', 228510), ('PYJ-MJZ', 213652), ('UFA-VKO', 205588), ('MJZ-PYJ', 182254), ('PYJ-VKO', 167052), ('OVB-ULK', 161112), ('VKO-SIP', 155180), ('VKO-PYJ', 138928), ('ULK-OVB', 121548), ('REN-VKO', 114938), ('SIP-VKO', 113566), ('OVB-KRR', 111462), ('IKT-REN', 75363), ('KRR-OVB', 71098), ('IKT-PYJ', 70297), ('VKO-KGD', 68089), ('OVB-LED', 67374), ('VKO-GDZ', 64632), ('OMS-VKO', 54133), ('IKT-OMS', 53667), ('REN-IKT', 48594), ('MJZ-LED', 46742), ('TLK-OVB', 46685), ('OVB-TLK', 43512), ('LED-MJZ', 42644), ('SVX-VKO', 41238), ('PYJ-IKT', 41115), ('KGD-VKO', 35410), ('LED-KRR', 29649), ('GDZ-VKO', 29155), ('LED-OVB', 28436), ('VKO-YKS', 28158), ('VKO-AAQ', 22457), ('MJZ-ULK', 22415), ('KRR-LED', 17824), ('MJZ-DME', 15919), ('YKS-VKO', 15238), ('OVB-MCX', 14939), ('SVX-MJZ', 14792), ('AAQ-VKO', 13584), ('ULK-MJZ', 11502), ('VKO-TLK', 10393), ('IKT-YKS', 10027), ('OMS-MJZ', 9959), ('OVB-ROV', 9768), ('LED-YKS', 8361), ('TLK-VKO', 7881), ('AER-YKS', 6900), ('ROV-OVB', 6497), ('YKS-LED', 5772), ('OVB-NER', 5365), ('MJZ-KRR', 5248), ('VKO-GRV', 4879), ('YKS-AER', 4855), ('KJA-KRR', 4636), ('VKO-NER', 4562), ('OVB-YKS', 4455), ('KRR-KJA', 4251), ('KUF-MJZ', 3905), ('MJZ-OMS', 3763), ('NER-YKS', 3706), ('LED-AAQ', 3611), ('KRR-MJZ', 3458), ('AAQ-LED', 2926), ('YKS-IKT', 2528)]"
Ангара,2G,Angara Airlines,False,"[('BTK-IKT', 4037213), ('IKT-BTK', 2383360), ('IKT-HTA', 1925574), ('BQS-KHV', 1833978), ('KHV-BQS', 1750634), ('HTA-IKT', 1529733), ('UUD-НЖГ', 531107), ('НЖГ-UUD', 351753), ('IKT-НЖГ', 339419), ('НЖГ-IKT', 329476), ('OHH-KHV', 251040), ('IKT-UKX', 177466), ('HTA-KHV', 174506), ('IKT-ODO', 163014), ('KHV-HTA', 157554), ('KXK-BQS', 134409), ('KHV-OHH', 119194), ('ODO-IKT', 117342), ('BQS-KXK', 108229), ('UUS-KXK', 107187), ('UKX-IKT', 105522), ('KXK-UUS', 86036), ('IKT-TYD', 83461), ('TYD-IKT', 57511), ('VVO-KXK', 47346), ('TYD-KHV', 45550), ('KHV-TYD', 43699), ('BQS-TYD', 42782), ('KXK-VVO', 38279), ('UUD-ТИО', 35207), ('HTA-ЧАР', 30430), ('TYD-BQS', 28783), ('ТИО-UUD', 25033), ('IKT-ULK', 24147), ('ЧАР-HTA', 23174), ('IKT-KCK', 13077), ('KCK-IKT', 10532), ('ULK-IKT', 10289), ('KHV-NGK', 8177), ('KHV-EKS', 7282), ('NGK-KHV', 7241), ('EKS-KHV', 6881), ('BQS-ЗЕЯ', 3928), ('KHV-ЗЕЯ', 3550), ('ЗЕЯ-KHV', 3124), ('ЗЕЯ-BQS', 2928), ('IKT-ТИО', 2924), ('IKT-ERG', 2090), ('IKT-ЧАР', 1813), ('IKT-OLZ', 1698), ('ТИО-IKT', 1581), ('ERG-IKT', 1369), ('ЧАР-IKT', 1303), ('IKT-МАМ', 1179), ('МАМ-IKT', 797), ('OLZ-IKT', 349), ('IKT-MJZ', 58), ('IKT-ЕГЧ', 36), ('ЕГЧ-IKT', 19)]"
Атран,V8,Atran,False,[]
Аэрофлот — Российские авиалинии,SU,Aeroflot,False,"[('SVO-LED', 9107242595), ('LED-SVO', 7802057695), ('SVO-AER', 5460990072), ('AER-SVO', 4282020720), ('SVO-SVX', 1967632393), ('SVX-SVO', 1904393221), ('SVO-KZN', 1835382800), ('KZN-SVO', 1467706254), ('SVO-MRV', 1173471623), ('SVO-KUF', 1071076702), ('SVO-IST', 971790640), ('MRV-SVO', 927945175), ('SVO-UFA', 898532857), ('KUF-SVO', 897018022), ('UFA-SVO', 849526783), ('IST-SVO', 744158231), ('SVO-OVB', 589823702), ('OVB-SVO', 546161755), ('SVO-KJA', 508202866), ('KJA-SVO', 454244657), ('SVO-KGD', 441864106), ('KGD-SVO', 387343575), ('SVO-EVN', 384726562), ('SVO-MSQ', 355771791), ('SVO-MCX', 353747132), ('PEE-SVO', 336870488), ('SVO-AYT', 333645286), ('SVO-PEE', 319169878), ('TJM-SVO', 304056628), ('SVO-CEK', 298236629), ('MCX-SVO', 286509132), ('EVN-SVO', 281318954), ('SVO-TJM', 272719910), ('CEK-SVO', 258705110), ('SVO-GYD', 252682705), ('SVO-GOJ', 244414083), ('AYT-SVO', 241725393), ('MSQ-SVO', 232063835), ('SVO-IKT', 231312193), ('LED-AER', 220021309), ('IKT-SVO', 206514956), ('SVO-TAS', 195657362), ('SVO-VOG', 195429859), ('GOJ-SVO', 179434202), ('AER-LED', 176551201), ('SGC-SVO', 168130352), ('GYD-SVO', 167031594), ('LED-VKO', 157818494), ('SVO-OMS', 156117113), ('SVO-SGC', 155144784), ('VKO-LED', 150594376), ('VOG-SVO', 141273801), ('SVO-DXB', 135567285), ('AER-IST', 135093755), ('TAS-SVO', 133718304), ('SVO-FRU', 121296047), ('SVO-VVO', 112915171), ('OMS-SVO', 112563161), ('DXB-SVO', 107182869), ('SVO-MMK', 101410733), ('MMK-SVO', 98399886), ('KZN-AER', 95779363), ('SVO-REN', 89901228), ('SVO-GSV', 89699347), ('FRU-SVO', 89583091), ('IST-AER', 89445286), ('SVO-NQZ', 88597149), ('ARH-SVO', 87205899), ('VVO-SVO', 84928300), ('SVO-ARH', 84200187), ('SVO-ALA', 82175388), ('SVO-ASF', 78355987), ('SVX-AER', 78124998), ('NQZ-SVO', 77974504), ('ALA-SVO', 76545005), ('SVO-KHV', 72869672), ('SVO-GRV', 70646835), ('REN-SVO', 70289062), ('SVO-HKT', 70253754), ('AER-KZN', 70129079), ('ASF-SVO', 69571743), ('NBC-SVO', 68762056), ('GSV-SVO', 63585261), ('AER-SVX', 62203842), ('SVO-NBC', 59688796), ('KHV-SVO', 59108794), ('SVO-BKK', 58582053), ('AER-AYT', 51812884), ('UFA-AER', 51393574), ('KUF-AER', 51338631), ('HKT-SVO', 49310097), ('SVO-DEL', 47052887), ('SVO-NJC', 46966329), ('LED-IST', 42618639), ('BKK-SVO', 41199889), ('SVX-MRV', 39877878), ('SVO-TOF', 39346777), ('AER-KUF', 38176619), ('SVO-STW', 36181561), ('DEL-SVO', 36178194)]"
Волга-Днепр,VI,Volga-Dnepr Airlines,False,"[('BNE-DPS', 7929), ('MEL-DPS', 6587), ('SYD-DPS', 5316), ('YUL-YYZ', 4903), ('DPS-BNE', 3233), ('DPS-MEL', 3145), ('XDS-YYZ', 2401), ('DPS-SYD', 2384), ('YUL-XDS', 1674), ('XDS-YUL', 1659), ('SYD-BNE', 902), ('ADL-PER', 799), ('BNE-NAN', 708), ('SYD-MEL', 674), ('SGN-VCS', 659), ('BNE-SYD', 650), ('NAN-SYD', 614), ('PER-ADL', 556), ('SYD-NAN', 552), ('ZQN-SYD', 527), ('VCS-SGN', 469), ('MEL-SYD', 453), ('NAN-BNE', 419), ('ZQN-BNE', 402), ('HAV-CUN', 360), ('BNE-MEL', 354), ('ADL-DPS', 343), ('MEL-NAN', 343), ('NAN-MEL', 329), ('MEL-BNE', 325), ('ZQN-MEL', 312), ('SYD-ZQN', 279), ('BNE-ZQN', 275), ('DPS-ADL', 252), ('SYD-PER', 251), ('CUN-HAV', 248), ('PER-SYD', 234), ('PER-DRW', 214), ('ADL-MEL', 198), ('MEL-ZQN', 181), ('VCA-VCS', 164), ('MEL-ADL', 157), ('BNE-PER', 152), ('HAN-VII', 129), ('OOL-DPS', 123), ('DRW-PER', 121), ('XDS-YBZ', 113), ('VII-HAN', 112), ('SYD-OOL', 109), ('CNS-HND', 92), ('PER-BNE', 90), ('YBZ-XDS', 87), ('NLU-HAV', 85), ('YBZ-YUL', 85), ('DPS-OOL', 81), ('MEL-PER', 81), ('YUL-YBZ', 79), ('MEL-OOL', 77), ('HAV-NLU', 75), ('HAN-DIN', 72), ('OOL-SYD', 72), ('PER-MEL', 72), ('VCS-VCA', 71), ('HND-CNS', 70), ('BNE-CNS', 68), ('BNE-ADL', 64), ('DIN-HAN', 64), ('PER-BME', 51), ('CNS-BNE', 40), ('MEL-CBR', 40), ('MEL-CNS', 37), ('OOL-MEL', 34), ('SYD-ADL', 34), ('SGN-CAH', 32), ('BME-PER', 30), ('HAN-VDH', 28), ('SYD-HBA', 28), ('SNU-CUN', 27), ('CAH-SGN', 24), ('ADL-BNE', 23), ('ADL-SYD', 23), ('BNE-DRW', 23), ('PER-KGI', 22), ('SGN-VKG', 22), ('CNS-MEL', 20), ('VKG-SGN', 20), ('MEL-DRW', 18), ('BNE-CBR', 17), ('DRW-MEL', 17), ('SYD-CNS', 17), ('PER-HBA', 16), ('MEL-HBA', 15), ('CBR-BNE', 13), ('CNS-SYD', 13), ('HBA-PER', 13), ('KTA-PER', 13), ('MKY-BNE', 13), ('SYD-APW', 13), ('MID-HAV', 12), ('TSV-BNE', 12)]"
Газпром авиа,4G,Gazpromavia,False,"[('VKO-UFA', 2390700), ('VKO-AER', 1966273), ('AER-VKO', 1211403), ('NYM-VKO', 415556), ('UFA-VKO', 234484), ('VKO-NYM', 220661), ('VKO-TJM', 176033), ('AER-UFA', 97309), ('OVS-VKO', 36066), ('AER-SVX', 34750), ('SVX-AER', 19783), ('TJM-VKO', 16864), ('NYM-BVJ', 8498), ('BVJ-NYM', 7226), ('VKO-OVS', 5577), ('AER-OVS', 4977), ('OVS-AER', 4972), ('NYM-TJM', 4203), ('UFA-NYM', 3416), ('NYM-UFA', 3205), ('TJM-NYM', 2443), ('AER-NYM', 1070), ('EYK-NYM', 926), ('NYM-AER', 911), ('SVX-OVS', 879), ('RTW-AER', 843), ('KRR-NYM', 790), ('TJM-UFA', 784), ('VKO-KVX', 757), ('OVS-SVX', 646), ('NYM-EYK', 366), ('AER-EYK', 294), ('AER-NYA', 274), ('EYK-AER', 252), ('TJM-BVJ', 187), ('EYK-OVS', 139), ('OVS-NYM', 113), ('LED-SVO', 109), ('UFA-TJM', 61), ('KRR-OVS', 52), ('BVJ-TJM', 42), ('BVJ-UFA', 41), ('NYM-OVS', 22), ('KRR-EYK', 20), ('UCT-BVJ', 20), ('UFA-BVJ', 19), ('VKO-BVJ', 12), ('BVJ-VKO', 1)]"
Ерофей,RF,Aero K,True,"[('CJJ-CJU', 18941), ('CJU-CJJ', 14997), ('NRT-CJJ', 3138), ('CJJ-KIX', 2447), ('CJJ-NRT', 2283), ('KIX-CJJ', 2115), ('TPE-CJJ', 688), ('CJJ-TPE', 401), ('DAD-CJJ', 310), ('CJJ-DAD', 227), ('CJJ-CRK', 34), ('CRK-CJJ', 21), ('CJJ-YNY', 1), ('YNY-CJJ', 1)]"
Ижавиа,I8,Izhavia,False,"[('DME-IJK', 88066297), ('IJK-DME', 72613022), ('LED-IJK', 35965898), ('IJK-AER', 25707181), ('IJK-LED', 24083042), ('IJK-SVX', 21036217), ('AER-IJK', 20970669), ('DME-MCX', 20386867), ('SVX-IJK', 18769416), ('MCX-DME', 12118985), ('DME-SVX', 6388831), ('IJK-MRV', 4279042), ('SVX-AER', 3552714), ('MRV-IJK', 2931942), ('LED-SVX', 2634519), ('MRV-AER', 2219078), ('AER-MRV', 1699119), ('SGC-UFA', 1340582), ('IJK-MCX', 1222429), ('KGD-IJK', 1201495), ('UFA-SGC', 1115644), ('IJK-KGD', 1036624), ('MCX-IJK', 938719), ('UFA-KVX', 586482), ('KVX-UFA', 354909), ('IKT-IJK', 316518), ('IJK-IKT', 308905), ('DME-IKT', 272043), ('CEK-AER', 246998), ('LED-VKV', 234687), ('CEK-AAQ', 234226), ('LED-KGD', 204965), ('KGD-LED', 202241), ('IJK-SIP', 186960), ('IKT-DME', 165162), ('AER-CEK', 157765), ('VKV-LED', 157045), ('OVB-UFA', 151187), ('IJK-AAQ', 134125), ('CEK-SIP', 133172), ('NJC-UFA', 129098), ('GSV-AAQ', 122830), ('AAQ-CEK', 113122), ('UFA-NJC', 112307), ('LED-IKT', 103013), ('IKT-LED', 85713), ('SIP-IJK', 71243), ('UFA-NNM', 70381), ('KGP-IJK', 70369), ('UFA-OVB', 68295), ('UFA-KUF', 66172), ('IJK-KGP', 64140), ('NNM-UFA', 59599), ('SIP-CEK', 51948), ('AAQ-IJK', 44819), ('AER-IKT', 41795), ('KVX-AAQ', 41499), ('NNM-KVX', 38837), ('UFA-MCX', 35859), ('IKT-AER', 34970), ('KVX-NNM', 34297), ('IJK-USK', 31032), ('NJC-BTK', 28881), ('AAQ-GSV', 28453), ('AAQ-KVX', 26147), ('BTK-NJC', 24730), ('USK-IJK', 24424), ('USK-UFA', 24277), ('KRR-MRV', 20366), ('BTK-UFA', 16615), ('UFA-BTK', 15132), ('UFA-USK', 14987), ('KUF-UFA', 14689), ('IJK-UFA', 14173), ('BTK-OVB', 13488), ('OVB-BTK', 11618), ('IJK-KRR', 8077), ('UFA-IJK', 4677), ('SGC-KUF', 4675), ('KRR-IJK', 1762), ('USK-MCX', 155), ('DME-AER', 43), ('IJK-MMK', 31), ('VKO-MCX', 28), ('MCX-VKO', 26), ('DME-LED', 17), ('SVO-MCX', 17), ('DME-MRV', 10), ('MCX-SVO', 9), ('AER-DME', 4), ('LED-AER', 3), ('MRV-LED', 2), ('AER-SVO', 1), ('LED-OMS', 1)]"
ИрАэро,IO,IrAero,False,"[('AER-IST', 80451658), ('IST-AER', 54983415), ('DME-IST', 40239654), ('DME-GYD', 38914880), ('AER-AYT', 38633334), ('IST-DME', 33292264), ('AYT-AER', 29302401), ('DME-AYT', 28474740), ('IKT-HTA', 26428499), ('GYD-DME', 25474414), ('AYT-DME', 24524985), ('DME-EVN', 23517548), ('MCX-IST', 18995882), ('HTA-IKT', 18625100), ('IKT-VVO', 14710516), ('IKT-UUD', 14647810), ('EVN-DME', 13195290), ('IKT-BQS', 11918670), ('BQS-VVO', 10929687), ('IST-MCX', 10302478), ('MRV-IST', 9854777), ('VVO-IKT', 9547621), ('UUD-IKT', 9523552), ('BQS-IKT', 8564493), ('OVB-IKT', 7471530), ('KZN-GYD', 7207670), ('IST-MRV', 7104908), ('IKT-OVB', 6680103), ('DME-LED', 6452874), ('SVX-GYD', 6151411), ('IKT-UUS', 5718347), ('OGZ-IST', 5167958), ('VVO-BQS', 5067990), ('KJA-IKT', 4735548), ('GYD-KZN', 4605420), ('OVB-GYD', 4360558), ('MRV-EVN', 4166096), ('UUS-IKT', 4092173), ('HTA-VVO', 3700622), ('IST-OGZ', 3328191), ('GYD-SVX', 3314420), ('BQS-HTA', 3177102), ('NER-VVO', 3098003), ('YKS-IKT', 3002140), ('IKT-KJA', 2951780), ('IKT-NER', 2886971), ('OVB-TAS', 2856609), ('IKT-YKS', 2758944), ('VVO-HTA', 2719235), ('UFA-GYD', 2534196), ('NER-IKT', 2485497), ('BQS-UUD', 2477516), ('DME-UGC', 2421044), ('GYD-OVB', 2415675), ('DME-KYZ', 2388915), ('HTA-BQS', 2305547), ('IKT-HAN', 2271699), ('UUD-BQS', 2254353), ('UUD-UUS', 2175613), ('UUS-UUD', 1962010), ('AYT-MCX', 1943449), ('TLK-IKT', 1941673), ('KUF-GYD', 1928332), ('GSV-AYT', 1849008), ('HAN-IKT', 1827957), ('HRB-IKT', 1812801), ('BQS-UUS', 1812630), ('EVN-MRV', 1705758), ('AYT-GSV', 1666642), ('MCX-AYT', 1635336), ('LED-DME', 1565366), ('UUS-BQS', 1560443), ('IKT-HRB', 1430967), ('DME-IKT', 1409039), ('TAS-OVB', 1369978), ('UFA-IST', 1369160), ('UFA-DME', 1368235), ('MJZ-IKT', 1363489), ('DME-GNJ', 1356748), ('IKT-TLK', 1330547), ('VVO-NER', 1324284), ('UUD-VVO', 1318512), ('HTA-UUS', 1308671), ('UUS-HTA', 1260677), ('GYD-UFA', 1258840), ('LED-PEZ', 1237531), ('GSV-GYD', 1214025), ('IST-UFA', 1207231), ('IKT-DME', 1195422), ('UGC-DME', 1139299), ('GYD-GSV', 1125883), ('IKT-TAS', 1084828), ('KYZ-DME', 1076944), ('OVB-KYZ', 1073105), ('LED-GYD', 1039283), ('IKT-MJZ', 1003184), ('IST-NAL', 1001893), ('PEZ-LED', 995937), ('VVO-UUD', 990938), ('KZN-TAS', 987675)]"
КрасАвиа,KV,KrasAvia,False,"[('KJA-TOF', 12568539), ('TOF-KJA', 12531822), ('KJA-BAX', 9386495), ('BAX-KJA', 9344447), ('KJA-KEJ', 7468914), ('NOZ-KJA', 7335192), ('KJA-NOZ', 6624517), ('KJA-OMS', 6244950), ('KEJ-KJA', 6137542), ('OMS-KJA', 5991318), ('KJA-RGK', 4256239), ('KJA-ABA', 4215882), ('RGK-KJA', 3933820), ('KJA-KYZ', 3862402), ('ABA-KJA', 3744305), ('KYZ-KJA', 3706898), ('KYZ-UUD', 2531514), ('UUD-KYZ', 1772901), ('KJA-YKS', 1351230), ('TLK-KJA', 774009), ('YKS-KJA', 761862), ('OVB-KYZ', 694670), ('НЖГ-KJA', 589937), ('KJA-НЖГ', 574041), ('UFA-REN', 562668), ('KYZ-OVB', 506589), ('KEJ-КЯС', 496072), ('KJA-TLK', 488788), ('TOF-КЯС', 438360), ('NUX-KUF', 325766), ('OVB-KJA', 289471), ('КЯС-OMS', 266226), ('KJA-BKA', 230262), ('КЯС-KEJ', 209387), ('OMS-KUF', 207165), ('KUF-NUX', 198972), ('REN-UFA', 197278), ('UFA-HMA', 196672), ('KJA-UBN', 189658), ('ABA-КЯС', 182904), ('HMA-UFA', 177474), ('ULK-КЯС', 176116), ('OMS-UFA', 166555), ('KJA-OVB', 162032), ('КЯС-ABA', 153633), ('NOZ-КЯС', 146119), ('UFA-ZIA', 138276), ('BAX-КЯС', 132075), ('UFA-OMS', 122461), ('KUF-OMS', 111879), ('UFA-KJA', 108903), ('КЯС-BAX', 107031), ('UFA-OVB', 106534), ('ЧАР-KJA', 102092), ('CEK-KJA', 97835), ('ULK-KJA', 97562), ('UBN-KJA', 91991), ('UFA-NNM', 91914), ('ZIA-UFA', 88711), ('OVB-CEK', 78979), ('ТИО-КЯС', 78867), ('КЯС-KYZ', 70774), ('CEK-OVB', 64321), ('NOJ-KUF', 60433), ('KJA-ULK', 58171), ('KUF-NOJ', 53310), ('IAA-KJA', 51822), ('НЖГ-КЯС', 50258), ('KGP-UFA', 48993), ('ТИО-KJA', 48364), ('КЯС-ULK', 46567), ('IKT-OMS', 46211), ('KJA-CEK', 45694), ('КЯС-TOF', 42727), ('UFA-KGP', 42364), ('UFA-TJM', 41319), ('PYJ-KJA', 37400), ('KYZ-КЯС', 35257), ('TOF-SWT', 34750), ('UFA-SGC', 31634), ('КЯС-RGK', 30382), ('SWT-TOF', 29800), ('UUD-RGK', 27391), ('SGC-UFA', 27162), ('КЯС-НЖГ', 25034), ('UFA-KVX', 24845), ('KJA-ЧАР', 24096), ('KJA-PYJ', 21906), ('NSK-HTG', 21006), ('KVX-UFA', 17542), ('KJA-IAA', 16208), ('UFA-USK', 14364), ('RGK-КЯС', 13901), ('HTG-KJA', 13098), ('СЕН-КЯС', 11766), ('KJA-UFA', 11425), ('KJA-СЕН', 10352), ('RGK-UUD', 10340), ('КЯС-СЕН', 9965), ('СЕН-KJA', 9934)]"
NordStar Airlines,Y7,NordStar,False,"[('DME-AER', 338720913), ('AER-DME', 275020739), ('DME-MRV', 159234477), ('DME-LED', 106193829), ('MRV-DME', 96817696), ('LED-DME', 87276744), ('DME-MCX', 77507113), ('MCX-DME', 59008646), ('DME-KJA', 55097984), ('KJA-DME', 44768396), ('DME-UFA', 20936113), ('LED-KJA', 19235940), ('UFA-DME', 17722641), ('KJA-LED', 17497150), ('UFA-AER', 14771408), ('KJA-AER', 13655797), ('AER-KJA', 13652376), ('SVX-VOG', 8761480), ('KRO-DME', 8715838), ('VOG-SVX', 8122750), ('AER-UFA', 7958982), ('KZN-KJA', 7896794), ('KUF-DME', 7027137), ('DME-KUF', 6500611), ('KJA-KZN', 6427007), ('KZN-PEE', 6334877), ('SVX-AER', 6276159), ('KJA-NSK', 5657952), ('DME-NSK', 5447176), ('PEE-KZN', 4624674), ('NSK-KJA', 4581643), ('NSK-DME', 4512228), ('DME-KRO', 3819781), ('TJM-KUF', 3708061), ('NBC-LED', 3660597), ('SVX-UFA', 3608958), ('AER-SVX', 3312580), ('KUF-TJM', 3305799), ('OVB-IKT', 3162266), ('LED-NBC', 3035151), ('CEK-AER', 2915439), ('DME-NBC', 2639217), ('UFA-SVX', 2562937), ('OMS-KJA', 2548156), ('NBC-DME', 2472982), ('GOJ-AER', 2379002), ('IKT-OVB', 2311372), ('KZN-KUF', 2290406), ('KJA-OMS', 2217404), ('OVB-UFA', 2142201), ('AER-CEK', 2023071), ('UFA-OVB', 1887176), ('AER-GOJ', 1837739), ('GOJ-UFA', 1600112), ('LED-NSK', 1431338), ('UFA-GOJ', 1430460), ('NSK-LED', 1205546), ('DME-KZN', 1204172), ('AER-ABA', 1156948), ('KZN-DME', 1124765), ('OMS-DME', 1124130), ('DME-OMS', 1122882), ('SVX-NSK', 1114280), ('DME-AAQ', 1097158), ('KUF-KZN', 1093861), ('OMS-AER', 1065825), ('UFA-KJA', 1024103), ('KJA-UFA', 1021000), ('ABA-AER', 1009796), ('NSK-SVX', 879795), ('UFA-NSK', 784958), ('AER-NSK', 780250), ('AAQ-DME', 755656), ('AER-OMS', 755230), ('NSK-AER', 733215), ('LED-ABA', 705443), ('SVX-STW', 695052), ('DME-NOZ', 646416), ('NSK-UFA', 639360), ('ABA-NSK', 606555), ('SVX-ROV', 503842), ('OVB-NSK', 488377), ('NSK-ABA', 469906), ('NOZ-DME', 462424), ('STW-SVX', 437814), ('UFA-OMS', 405146), ('MRV-NSK', 372339), ('DME-CEK', 369917), ('NSK-MRV', 358633), ('DME-SVX', 342729), ('NSK-OVB', 338269), ('ROV-SVX', 320247), ('SVX-DME', 311585), ('ABA-LED', 300799), ('OMS-UFA', 300470), ('IKT-UFA', 297800), ('UUD-OVB', 286353), ('KUF-KJA', 284804), ('IKT-KJA', 277286), ('KJA-KUF', 266115)]"
Победа,DP,Pobeda,True,"[('VKO-LED', 1601249938), ('LED-VKO', 1290241776), ('SVO-AER', 954611520), ('VKO-AER', 909568901), ('SVO-LED', 890187064), ('LED-SVO', 734785257), ('AER-SVO', 732355568), ('AER-VKO', 684546029), ('SVO-KZN', 510643634), ('VKO-MRV', 482740620), ('KZN-SVO', 415088496), ('VKO-IST', 404880654), ('IST-VKO', 377427510), ('MRV-VKO', 367623131), ('VKO-SVX', 310678600), ('VKO-MCX', 290260198), ('SVO-KGD', 281249446), ('SVX-VKO', 269160715), ('SVO-UFA', 266473426), ('SVO-MRV', 263732891), ('SVO-SVX', 251541898), ('VKO-KUF', 250847596), ('VKO-UFA', 249158794), ('KUF-VKO', 239980132), ('KGD-SVO', 231668732), ('MCX-VKO', 223906421), ('SVX-SVO', 213018759), ('LED-KGD', 212351510), ('VKO-KGD', 201812323), ('UFA-VKO', 198376891), ('UFA-SVO', 195888131), ('SVO-MCX', 182031815), ('MRV-SVO', 181272308), ('VKO-OVB', 177822954), ('SVO-VOG', 174730132), ('KGD-VKO', 173640159), ('KGD-LED', 165386668), ('LED-AER', 160840655), ('MCX-SVO', 154805594), ('OVB-VKO', 149913941), ('VKO-KZN', 141707592), ('AER-LED', 141534705), ('VKO-PEE', 140194337), ('SVO-OVB', 134625116), ('LED-MRV', 134609347), ('LED-SVX', 131624340), ('VOG-SVO', 131449793), ('SVO-CEK', 123530712), ('KZN-VKO', 119471470), ('OVB-SVO', 118786871), ('GSV-VKO', 118515139), ('TJM-VKO', 117143523), ('KZN-AER', 116192450), ('VKO-TJM', 116169191), ('SVX-LED', 113653614), ('PEE-VKO', 112286283), ('VKO-GSV', 112249244), ('VKO-AYT', 111925466), ('LED-UFA', 108643701), ('AYT-VKO', 103342585), ('SVX-AER', 101694673), ('AER-KZN', 97375419), ('MRV-LED', 95679416), ('VKO-DWC', 94869800), ('CEK-SVO', 92149231), ('SVO-KJA', 91526261), ('KJA-SVO', 87217363), ('SVO-PEE', 87033337), ('AER-SVX', 85597002), ('VKO-CEK', 85425670), ('LED-OVB', 83287407), ('MSQ-VKO', 82812096), ('UFA-LED', 81511559), ('DWC-VKO', 76728495), ('OVB-LED', 75090492), ('LED-KUF', 72839450), ('LED-PEE', 72670969), ('SVO-OMS', 72243119), ('LED-MSQ', 71434644), ('KUF-LED', 69869778), ('VKO-MSQ', 69375454), ('SVO-CSY', 68714141), ('MSQ-LED', 68510807), ('SVO-IKT', 68447407), ('UFA-AER', 67039546), ('LED-MCX', 66871743), ('VKO-ULV', 64317864), ('CSY-SVO', 63996110), ('KVX-SVO', 63690278), ('KZN-LED', 63305350), ('PEE-SVO', 62978739), ('CEK-VKO', 61412876), ('VOG-LED', 60352929), ('GSV-LED', 60294673), ('ULV-VKO', 59759963), ('LED-VOG', 59479708), ('PEE-LED', 57843276), ('VKO-SGC', 57445093), ('SGC-VKO', 57088567), ('AER-UFA', 57014676)]"
Полярные авиалинии,PI,Polar Airlines,False,"[('YKS-OLZ', 102394), ('OLZ-YKS', 77218), ('YYZ-PHL', 66843), ('PHL-YYZ', 49435), ('YUL-PHL', 35898), ('YKS-BQJ', 26185), ('PHL-YUL', 22837), ('BQJ-YKS', 22286), ('ULK-YKS', 18130), ('YKS-ULK', 17683), ('YKS-IKS', 15393), ('YKS-SEK', 11606), ('IKS-YKS', 9383), ('YYZ-ORD', 9029), ('YKS-SUY', 8376), ('YKS-NYR', 8056), ('ORD-YYZ', 8016), ('SUY-YKS', 6721), ('CLT-ROA', 6295), ('ROA-CLT', 6277), ('SEK-YKS', 6188), ('CAE-CLT', 6114), ('YKS-NER', 6039), ('BDL-PHL', 5935), ('PHL-BDL', 5906), ('YKS-UKG', 5883), ('PHL-RIC', 5719), ('CLT-CAE', 5673), ('RIC-PHL', 5618), ('YKS-ZKP', 5188), ('CLT-FAY', 5177), ('NYR-YKS', 5096), ('PHL-ALB', 5061), ('ALB-PHL', 5006), ('PHL-MDT', 4987), ('MDT-PHL', 4813), ('PHL-ROC', 4786), ('FAY-CLT', 4766), ('ROC-PHL', 4704), ('PHL-BUF', 4598), ('YKS-MQJ', 4461), ('SYR-PHL', 4398), ('YKS-ZIX', 4393), ('BUF-PHL', 4304), ('PHL-SYR', 4239), ('NER-YKS', 4216), ('UKG-YKS', 4079), ('CHA-CLT', 4076), ('CLT-CHA', 3917), ('PHL-MHT', 3865), ('MHT-PHL', 3851), ('CLT-MOB', 3724), ('YKS-BGN', 3701), ('MOB-CLT', 3682), ('JAN-CLT', 3508), ('CHO-CLT', 3465), ('CLT-AGS', 3372), ('CLT-JAN', 3328), ('CLT-CHO', 3230), ('CLT-MDT', 3166), ('CLT-PHF', 3064), ('PHF-CLT', 3062), ('FWA-CLT', 3029), ('MDT-CLT', 3024), ('AGS-CLT', 2978), ('CLT-FWA', 2886), ('MQJ-YKS', 2882), ('CLT-TLH', 2810), ('ZKP-YKS', 2790), ('TLH-CLT', 2728), ('ZIX-YKS', 2646), ('CLT-TRI', 2514), ('TRI-CLT', 2464), ('PVD-PHL', 2462), ('CLT-OAJ', 2284), ('OAJ-CLT', 2220), ('PHL-PVD', 2185), ('CLT-GSO', 2119), ('YKS-SYS', 2083), ('BGN-YKS', 1952), ('GSO-CLT', 1853), ('EVV-CLT', 1848), ('HSV-CLT', 1829), ('CLT-EVV', 1809), ('CLT-HSV', 1808), ('YKS-SUK', 1783), ('PHL-GSO', 1770), ('ORD-ALB', 1729), ('LYH-CLT', 1710), ('ORD-RIC', 1705), ('CLT-GNV', 1687), ('CLT-LYH', 1667), ('PHL-MYR', 1661), ('CLT-MGM', 1657), ('GNV-CLT', 1651), ('MGM-CLT', 1573), ('ROC-BOS', 1552), ('CVG-PHL', 1529), ('GSO-PHL', 1507), ('ORF-PHL', 1479)]"
Red Wings Airlines,WZ,Red Wings,False,"[('DME-EVN', 170116178), ('ZIA-IST', 138284719), ('DME-IST', 128461660), ('EVN-DME', 120111966), ('IST-ZIA', 112358540), ('IST-DME', 111354325), ('ZIA-AYT', 57535349), ('SVX-KUF', 55526324), ('SVX-KZN', 55290072), ('KZN-SVX', 52848322), ('AER-EVN', 52059907), ('KUF-SVX', 46955393), ('ZIA-EVN', 46367539), ('AYT-ZIA', 45829413), ('DME-AYT', 41004994), ('MCX-IST', 39997483), ('EVN-ZIA', 36992756), ('ZIA-ALA', 35072626), ('AYT-DME', 31555321), ('EVN-AER', 30514256), ('SVX-OMS', 28762425), ('AER-IST', 28404681), ('ZIA-AER', 27969628), ('ALA-ZIA', 27376452), ('IST-MCX', 25996764), ('SVX-NQZ', 25671770), ('AER-ZIA', 25200763), ('SVX-UFA', 24806460), ('DME-TAS', 24622177), ('SVX-GOJ', 23211126), ('SVX-ALA', 23174931), ('GOJ-SVX', 22590016), ('MRV-EVN', 22226738), ('UFA-SVX', 22197138), ('OMS-SVX', 22026387), ('CEK-KZN', 20651372), ('KZN-CEK', 20407501), ('IST-AER', 20364271), ('ZIA-NQZ', 19450847), ('KUF-EVN', 19433490), ('AER-DME', 18893944), ('REN-SVX', 18743780), ('ZIA-GYD', 17844651), ('DME-AER', 17818890), ('NQZ-ZIA', 17453645), ('NQZ-SVX', 17191680), ('SVX-MCX', 17150244), ('EVN-MRV', 16990658), ('GYD-ZIA', 16868419), ('ALA-SVX', 16689413), ('SVX-EVN', 16501223), ('SVX-REN', 15802895), ('GOJ-KUF', 15580648), ('AER-TBS', 15575106), ('ZIA-MCX', 15366922), ('LED-ZIA', 14985136), ('KUF-GOJ', 14498356), ('AER-OGZ', 14141963), ('SVX-GSV', 13624278), ('OGZ-AER', 13329777), ('MCX-AYT', 13190990), ('AER-MCX', 13061818), ('MCX-AER', 12970352), ('AER-AYT', 12895361), ('DME-LED', 12712794), ('ZIA-LED', 12510613), ('LED-DME', 12304842), ('MCX-SVX', 12296469), ('TJM-KUF', 12229102), ('EVN-KUF', 11819351), ('KZN-IST', 11817073), ('MCX-ZIA', 11390183), ('BAX-SVX', 11375530), ('GSV-SVX', 11097070), ('TBS-AER', 11092932), ('KUF-TJM', 10969148), ('SVX-IST', 10685477), ('TAS-DME', 10662045), ('MRV-IST', 10638067), ('SVX-BAX', 10184711), ('AYT-MCX', 10119565), ('EVN-SVX', 9477643), ('CEK-EVN', 9163899), ('UFA-IST', 9021314), ('IST-SVX', 8879239), ('KZN-EVN', 8833370), ('MCX-TAS', 8786169), ('SVX-AYT', 8717817), ('IST-MRV', 8117827), ('IST-KZN', 8035870), ('SVX-TAS', 7657496), ('AYT-AER', 7376512), ('UFA-ALA', 7278588), ('GOJ-EVN', 7220248), ('KZN-NQZ', 7078903), ('UFA-AYT', 6999798), ('KUF-IST', 6961078), ('KUF-AYT', 6801320), ('NQZ-KZN', 6752966), ('KZN-ALA', 6745388)]"
Россия,FV,Rossiya Airlines,False,"[('VKO-LED', 5076472644), ('LED-VKO', 3870023918), ('SVO-LED', 1820027850), ('LED-SVO', 1553169425), ('LED-AER', 866670680), ('AER-LED', 681273199), ('LED-KGD', 423422576), ('SVO-AER', 408036848), ('SVO-GOJ', 360221922), ('GOJ-SVO', 343690677), ('KGD-LED', 329175055), ('AER-IST', 309052145), ('LED-SVX', 296617154), ('DME-LED', 295005565), ('LED-MRV', 292581017), ('AER-SVO', 280562054), ('SVX-LED', 279275904), ('KZN-LED', 269776652), ('LED-KZN', 259466570), ('SVO-SVX', 255310943), ('LED-DME', 251154143), ('LED-GOJ', 243543178), ('LED-UFA', 240071547), ('SVX-SVO', 237683480), ('MRV-LED', 223522785), ('GOJ-LED', 222368773), ('UFA-LED', 222015240), ('IST-AER', 217350916), ('LED-KUF', 191239820), ('KUF-LED', 144980961), ('MMK-LED', 123603315), ('AER-AYT', 120539114), ('LED-MMK', 113598434), ('SVO-TJM', 110161199), ('TJM-SVO', 102925215), ('AER-EVN', 100018709), ('LED-PEE', 91015444), ('LED-MCX', 88591916), ('ARH-LED', 88354116), ('LED-ARH', 88136820), ('KJA-IKT', 85805395), ('LED-TJM', 83203790), ('LED-OVB', 80888582), ('VOG-LED', 79384660), ('IKT-KJA', 77942035), ('SVO-UFA', 76823034), ('SVO-MRV', 76046908), ('LED-KJA', 76008142), ('LED-VOG', 74091322), ('CEK-LED', 73801699), ('AYT-AER', 72498993), ('LED-CEK', 70829683), ('UFA-SVO', 70034278), ('MCX-LED', 68171868), ('EVN-AER', 66805575), ('SVO-MMK', 65615089), ('TJM-LED', 64447192), ('SVO-KGD', 62986713), ('SVO-VOG', 61155373), ('KJA-LED', 60752481), ('OVB-LED', 60708763), ('LED-SGC', 60036281), ('PEE-LED', 58701292), ('LED-EVN', 57033074), ('MRV-SVO', 56484608), ('ARH-SVO', 56420425), ('KGD-SVO', 55273053), ('SGC-LED', 53449950), ('SVO-EVN', 53209362), ('SVO-IJK', 53049608), ('MMK-SVO', 53004566), ('SVO-ARH', 50429194), ('SVO-CEK', 48472236), ('LED-OMS', 48458131), ('IJK-SVO', 47814351), ('KJA-AER', 47378445), ('CEK-SVO', 46564119), ('SVO-ULV', 46391986), ('VOG-SVO', 44466825), ('OMS-LED', 44112520), ('SCW-LED', 43554433), ('GSV-SVO', 42134519), ('LED-SCW', 41895995), ('SVO-SCW', 39080083), ('AER-KJA', 38548882), ('SCW-SVO', 37426303), ('REN-LED', 34532394), ('EVN-LED', 33922475), ('LED-GRV', 33857444), ('EVN-SVO', 32307328), ('SVO-KZN', 31277541), ('SVO-NBC', 30391686), ('SVO-PEE', 29902584), ('SVX-KJA', 27956448), ('PEE-SVO', 26480269), ('SVO-MCX', 26103200), ('VKO-KZN', 25318611), ('KJA-SVX', 24575220), ('SVO-ASF', 23810386), ('SVO-REN', 23503801)]"
Royal Flight,RL,Royal Flight,False,"[('AYT-SVO', 132646), ('SVO-AYT', 126751), ('AYT-SVX', 8177), ('SVX-AYT', 8088), ('ROV-AYT', 2178), ('AYT-ROV', 1889), ('AYT-KRR', 930), ('AYT-KUF', 708), ('DME-AYT', 398), ('AYT-LED', 224), ('SVO-BJV', 212), ('BJV-SVO', 207), ('SVO-AUH', 167), ('AYT-OVB', 147), ('AUH-SVO', 91), ('KGD-AYT', 79), ('AYT-OMS', 7), ('AYT-VOZ', 6), ('VOZ-AYT', 5), ('ARH-AYT', 3), ('AYT-ARH', 3), ('SSH-SVO', 3), ('CGN-HRG', 2), ('HRG-SVO', 2), ('SVO-HRG', 2), ('SVO-SSH', 2), ('XTI-YJV', 2)]"
РусЛайн,7R,RusLine,False,"[('NNM-ZIA', 28249107), ('LED-NNM', 20652987), ('KZN-SVX', 13077747), ('SVX-KZN', 12960745), ('ZIA-NNM', 9059106), ('NNM-KZN', 8996710), ('KZN-NNM', 8928170), ('SVX-NNM', 7119341), ('UFA-NNM', 6791215), ('NJC-SVX', 6164768), ('SVX-SCW', 6119464), ('VKO-TBW', 5671914), ('KZN-LED', 5551146), ('SCW-SVX', 5465494), ('LED-KZN', 5388037), ('VKO-MRV', 5262621), ('NNM-SVX', 5099570), ('SVX-NJC', 5048439), ('NNM-UFA', 4700842), ('LED-VKV', 4678759), ('HMA-KZN', 4589219), ('NNM-LED', 4506610), ('TBW-VKO', 4422502), ('ARH-KZN', 4321473), ('VKO-URS', 3962270), ('KZN-ARH', 3802196), ('VKV-LED', 3322043), ('VKO-KVX', 3142527), ('URS-VKO', 3066393), ('VKO-JOK', 3006942), ('NNM-SCW', 2854454), ('SVX-TBW', 2725644), ('SCW-KZN', 2664486), ('JOK-LED', 2655608), ('KZN-SCW', 2652045), ('HMA-LED', 2612077), ('LED-HMA', 2526906), ('KZN-HMA', 2519989), ('TBW-LED', 2400208), ('TBW-SVX', 2355771), ('URS-LED', 2259011), ('NJC-TOF', 2109192), ('SCW-NNM', 2105978), ('ARH-SCW', 2081198), ('KVX-VKO', 1886689), ('SVX-TOF', 1798011), ('LED-TBW', 1652733), ('JOK-VKO', 1624194), ('TOF-SVX', 1621998), ('LED-JOK', 1595064), ('TOF-NJC', 1499100), ('LED-IWA', 1367273), ('SVX-ARH', 1353024), ('LED-IAR', 1341810), ('IAR-LED', 1266047), ('SVX-LED', 1212334), ('LED-SVX', 1207521), ('LED-URS', 1184439), ('KVX-NNM', 1164099), ('SCW-ARH', 1089820), ('NNM-KVX', 1028271), ('ARH-NNM', 1027644), ('NNM-VKV', 981453), ('ARH-SVX', 896814), ('TBW-AER', 862675), ('ARH-MMK', 839599), ('SCW-VKV', 792358), ('IWA-LED', 766611), ('LED-VKO', 718445), ('VKO-AER', 717978), ('URS-MRV', 708185), ('AER-URS', 696357), ('VKV-SCW', 687409), ('VKO-LED', 683254), ('VKV-NNM', 656955), ('EYK-SVX', 630736), ('URS-KZN', 578073), ('AER-TBW', 563228), ('MMK-ARH', 493500), ('URS-AER', 489024), ('MRV-URS', 444620), ('KZN-URS', 394540), ('NNM-ARH', 333488), ('LED-KSZ', 311001), ('AER-VKO', 308720), ('URS-SVX', 301909), ('SVX-URS', 271826), ('SVX-UFA', 224672), ('PEE-NNM', 206794), ('SVX-EYK', 200496), ('URS-KRR', 188242), ('SVX-SVO', 182105), ('VKO-NNM', 177521), ('NNM-VKO', 172157), ('MRV-VKO', 151335), ('KSZ-LED', 151310), ('VKO-VKT', 151047), ('NNM-PEE', 146317), ('KGD-IWA', 142404), ('KRR-URS', 139719)]"
Nordwind Airlines,N4,Nordwind Airlines,False,"[('LED-KZN', 434724792), ('SVO-LED', 426217204), ('KZN-LED', 397665453), ('SVO-KZN', 340854863), ('LED-SVO', 338148842), ('KZN-SVO', 275037195), ('SVO-AER', 269709944), ('AER-SVO', 188250410), ('KZN-AER', 160497750), ('AER-KZN', 109080554), ('SVO-MCX', 106948049), ('LED-AER', 102815944), ('SVO-REN', 96691537), ('LED-UFA', 93742768), ('KUF-AER', 93116175), ('UFA-LED', 88030956), ('AER-LED', 86672796), ('MCX-SVO', 84022363), ('KZN-MRV', 73345161), ('AER-KUF', 70261533), ('REN-SVO', 69368329), ('UFA-AER', 66559852), ('SVX-AER', 58082004), ('GOJ-AER', 55051100), ('SVO-MRV', 54551893), ('AER-UFA', 51282082), ('MRV-KZN', 48327900), ('AER-SVX', 47744377), ('LED-GOJ', 44459086), ('LED-MCX', 39693913), ('AER-GOJ', 39588345), ('GOJ-LED', 36917463), ('MRV-SVO', 35587455), ('KZN-MCX', 32854336), ('LED-KUF', 32551015), ('LED-OMS', 30106571), ('SVO-UFA', 26516209), ('TJM-AER', 26478716), ('MCX-LED', 26390890), ('CEK-AER', 24910672), ('KUF-LED', 24255434), ('MCX-KZN', 23751447), ('AER-REN', 23511631), ('REN-LED', 23241389), ('UFA-SVO', 23128490), ('OMS-LED', 23040029), ('ULV-AER', 22966959), ('UFA-MCX', 22082469), ('AER-CEK', 20912419), ('REN-AER', 20275851), ('AER-TJM', 19613831), ('PEE-AER', 18590453), ('KJA-AER', 18483541), ('SVO-TJM', 18254529), ('AER-KJA', 18041775), ('SVO-KGD', 18005731), ('LED-REN', 17833800), ('OMS-AER', 17655632), ('AER-ULV', 17614714), ('AER-OVB', 16775188), ('AER-OMS', 16347342), ('OVB-AER', 16295829), ('KZN-IKT', 15752892), ('KZN-KJA', 15653347), ('AER-PEE', 15299779), ('KGD-SVO', 15010410), ('KZN-DYU', 14744794), ('KZN-KGD', 14682069), ('KGD-KZN', 14116343), ('TJM-SVO', 13830900), ('MCX-UFA', 13614903), ('KZN-FRU', 13553166), ('CSY-AER', 12904177), ('NBC-AER', 12277217), ('LED-BAX', 11992153), ('KJA-KZN', 11790256), ('KZN-TOF', 11520660), ('IKT-KZN', 11488619), ('LED-NOZ', 10922302), ('AER-CSY', 10769913), ('AER-NBC', 10529022), ('GOJ-MRV', 9560454), ('LED-KEJ', 9373652), ('KZN-OMS', 9358833), ('LED-TOF', 9191363), ('KZN-GRV', 9052300), ('KZN-LBD', 8896616), ('SVO-OGZ', 8728246), ('KZN-OGZ', 8485109), ('FRU-KZN', 8434120), ('OGZ-SVO', 8411261), ('GOJ-MCX', 8258004), ('BAX-LED', 7915280), ('SVO-SVX', 7882004), ('REN-MRV', 7754342), ('KUF-MCX', 7657610), ('KZN-NOZ', 7283700), ('GRV-KZN', 7270834), ('UFA-GOJ', 7251658), ('UFA-OSS', 7116770)]"
Северсталь,D2,Severstal Air Company,False,"[('CEE-LED', 140708957), ('SVO-CEE', 139600101), ('CEE-SVO', 123494936), ('LED-CEE', 117219128), ('DME-CEE', 61688982), ('CEE-DME', 47803935), ('CEE-SVX', 12752693), ('SVX-CEE', 10210184), ('CEE-MMK', 8340289), ('DME-PES', 7651304), ('VKV-LED', 7350343), ('ARH-MMK', 6946198), ('KVK-LED', 6402291), ('LED-VKV', 6335187), ('CEE-KZN', 5566673), ('SVO-KVK', 5448472), ('CEE-KGD', 5092421), ('MMK-CEE', 5083565), ('MMK-ARH', 4759816), ('LED-UCT', 4647342), ('KGD-CEE', 4393289), ('CEE-ARH', 4029295), ('KVK-SVO', 3986886), ('MRV-CEE', 3896789), ('CEE-MRV', 3842811), ('CEE-AER', 3824421), ('PES-SVX', 3100420), ('AER-CEE', 3033843), ('KZN-CEE', 3033427), ('ARH-CEE', 2961166), ('LED-KVK', 2224608), ('UCT-LED', 2143191), ('MMK-VKV', 2139988), ('CEE-MSQ', 2075726), ('VKV-MMK', 1905084), ('PES-DME', 1852460), ('MSQ-CEE', 1661078), ('PES-SVO', 1645264), ('PES-MRV', 1634754), ('PES-KGD', 1542648), ('PES-AER', 1532856), ('SVO-UCT', 1455915), ('SVX-PES', 1263563), ('AER-PES', 1106098), ('LED-SVO', 1034481), ('MRV-PES', 1023435), ('SVO-PES', 1011547), ('CEE-VKV', 982401), ('UCT-SVO', 891794), ('KGD-PES', 851892), ('VKV-CEE', 733599), ('CEE-PES', 713321), ('KVK-DME', 663092), ('MSQ-KLF', 634308), ('ВСЬ-LED', 584030), ('DME-KVK', 552950), ('LED-ВСЬ', 528544), ('SVO-VKV', 455125), ('KLF-MSQ', 448363), ('PES-CEE', 416660), ('VKV-SVO', 398121), ('CEE-GOJ', 366100), ('KZN-LED', 199441), ('CEE-VUS', 180912), ('GOJ-CEE', 177989), ('ВСЬ-MMK', 157796), ('MMK-ВСЬ', 150082), ('DME-SVX', 144611), ('AER-UCT', 144007), ('CEE-SIP', 140285), ('UCT-MRV', 137567), ('VUS-CEE', 127036), ('PES-IGT', 111030), ('UCT-AER', 95770), ('CEE-ВСЬ', 95129), ('MRV-UCT', 89563), ('IGT-PES', 74710), ('CEE-AAQ', 72823), ('ВСЬ-CEE', 67447), ('SVO-ВСЬ', 64022), ('KUF-LED', 62652), ('OVB-LED', 56547), ('PES-SIP', 52931), ('CEE-STW', 52374), ('SIP-CEE', 44632), ('CEE-MCX', 44119), ('OVS-LED', 41427), ('LED-OVS', 40945), ('ВСЬ-SVO', 39624), ('CEK-LED', 37349), ('DME-UCT', 36452), ('UCT-DME', 33325), ('CEK-CEE', 32363), ('AAQ-CEE', 29796), ('PES-AAQ', 26955), ('SVO-VUS', 21439), ('CEE-KUF', 21181), ('SIP-PES', 21115), ('LED-GOJ', 21095), ('UCT-SIP', 15904)]"
S7 Airlines,S7,S7 Airlines,False,"[('DME-LED', 2796634107), ('LED-DME', 2252923152), ('DME-OVB', 1859520839), ('DME-AER', 1732099072), ('OVB-DME', 1661514282), ('AER-DME', 1285988852), ('DME-KZN', 910966817), ('KZN-DME', 704681534), ('DME-UFA', 598850199), ('LED-OVB', 568602162), ('UFA-DME', 564860935), ('OVB-AER', 526804443), ('OVB-LED', 522621292), ('OVB-KJA', 506204636), ('DME-MRV', 471612300), ('KJA-OVB', 471598736), ('AER-OVB', 463820867), ('OVB-IKT', 462371109), ('DME-KUF', 391937530), ('IKT-OVB', 379495591), ('MRV-DME', 327453847), ('OVB-SVX', 325188960), ('SVX-OVB', 324784388), ('DME-IKT', 317544538), ('KUF-DME', 285555162), ('IKT-DME', 270899341), ('DME-KGD', 252856505), ('DME-IST', 234745413), ('IST-DME', 218969718), ('KGD-DME', 206692143), ('DME-OMS', 198750083), ('OMS-OVB', 194383882), ('DME-AYT', 167480411), ('DME-MCX', 167333854), ('PEE-DME', 152473043), ('DME-PEE', 146196475), ('OMS-DME', 144865327), ('DME-GOJ', 144127956), ('GOJ-DME', 138606598), ('AYT-DME', 134195894), ('OVB-OMS', 130963953), ('MCX-DME', 121760883), ('OVB-TJM', 118401774), ('KZN-OVB', 114014835), ('OVB-KZN', 111098346), ('OVB-UFA', 110683546), ('DME-CEK', 109826840), ('TJM-OVB', 109341494), ('KUF-OVB', 108016700), ('DME-KJA', 107014829), ('SGC-OVB', 102516525), ('OVB-VVO', 100877901), ('OVB-CEK', 99181247), ('KJA-DME', 97672622), ('UFA-OVB', 96255025), ('CEK-OVB', 95655514), ('OVB-SGC', 95150120), ('LED-IKT', 94487694), ('CEK-DME', 89214492), ('OVB-KUF', 89154901), ('DME-SVX', 89041433), ('IKT-LED', 88567484), ('DME-GSV', 88289618), ('OVB-FRU', 81365370), ('SVX-DME', 75907740), ('IKT-BKK', 69765201), ('OVB-MRV', 69452529), ('NJC-OVB', 68782770), ('TOF-OVB', 68089473), ('DME-MMK', 66694372), ('DME-VOG', 65298436), ('VOG-DME', 65218553), ('VVO-OVB', 60116308), ('IKT-VVO', 60027065), ('MMK-DME', 57010423), ('OVB-OSS', 56786918), ('IKT-AER', 55826999), ('BAX-OVB', 55227645), ('OVB-KHV', 54648206), ('DME-OGZ', 53871266), ('MRV-OVB', 52546227), ('GSV-DME', 51368676), ('UUD-DME', 50250387), ('KJA-IKT', 49941127), ('OVB-UUD', 49910138), ('AER-IKT', 48052112), ('OVB-PEE', 47890374), ('DME-TOF', 47855759), ('NOZ-OVB', 45038398), ('IKT-KJA', 43982472), ('PEE-OVB', 43951879), ('KEJ-OVB', 43786244), ('OGZ-DME', 40778677), ('DME-UUD', 39751373), ('OVB-AYT', 38710108), ('DME-NUX', 38483119), ('DME-BAX', 38436813), ('FRU-OVB', 38209702), ('OVB-NJC', 37499680), ('BKK-IKT', 35820982)]"
SmartAvia,5N,SmartAvia,False,"[('SVO-LED', 532280435), ('LED-SVO', 415975773), ('SVO-AER', 271685680), ('KZN-LED', 259051530), ('LED-AER', 248191427), ('LED-KZN', 237384647), ('LED-KGD', 222832312), ('SVO-KUF', 219205405), ('LED-KUF', 217845031), ('AER-SVO', 207800092), ('SVO-KZN', 198488819), ('AER-LED', 193919634), ('KZN-SVO', 191565794), ('KUF-SVO', 188789422), ('SVO-SVX', 186080757), ('KGD-LED', 185927144), ('KUF-LED', 185152683), ('ARH-LED', 156433813), ('SVX-SVO', 152768505), ('SVO-OVB', 148194796), ('LED-ARH', 146228988), ('UFA-LED', 143302449), ('LED-SVX', 127079945), ('OVB-SVO', 126933288), ('SVX-LED', 124060293), ('LED-UFA', 120424650), ('SVO-ARH', 116105191), ('ARH-SVO', 109133238), ('SVO-MCX', 100356072), ('LED-MMK', 95516348), ('MMK-LED', 87413795), ('SVO-KGD', 85018076), ('MCX-SVO', 81518985), ('PEE-LED', 73769826), ('CEK-LED', 72403082), ('LED-MRV', 72351798), ('KGD-SVO', 72257583), ('LED-OVB', 69392020), ('MRV-LED', 59818744), ('OVB-LED', 55411590), ('LED-CEK', 48362535), ('LED-GOJ', 46143395), ('KZN-AER', 44705173), ('TJM-LED', 44347112), ('SVO-MRV', 42200214), ('LED-PEE', 40118914), ('SVO-MMK', 38317181), ('GOJ-LED', 37946953), ('AER-KZN', 36465643), ('VOG-LED', 33782565), ('MMK-SVO', 33207868), ('KUF-AER', 30814216), ('LED-VOG', 30287839), ('LED-TJM', 29098787), ('LED-SCW', 28193075), ('UFA-AER', 27745040), ('AER-KUF', 27667361), ('SVX-AER', 27042554), ('SCW-LED', 26928558), ('MRV-SVO', 26105718), ('SVO-UFA', 24556500), ('AER-SVX', 21458573), ('UFA-SVO', 19343831), ('REN-LED', 18768768), ('AER-UFA', 17275993), ('SVO-UUD', 15028289), ('UUD-SVO', 14384702), ('GOJ-AER', 13667239), ('KJA-LED', 11846885), ('LED-KJA', 11670453), ('LED-REN', 10054547), ('SVO-TOF', 9609491), ('TJM-AER', 9600936), ('AER-GOJ', 9021803), ('SVO-KJA', 8764984), ('AER-TJM', 8471819), ('AER-OMS', 7919561), ('KJA-SVO', 7371054), ('OMS-AER', 6965624), ('CEK-AER', 6937252), ('AER-PEE', 6101248), ('ARH-AER', 5885160), ('TOF-SVO', 4603803), ('PEE-SVO', 4528881), ('REN-AER', 4517944), ('AER-OVB', 4376864), ('AER-CEK', 4365889), ('SVO-KRR', 4249970), ('OVB-AER', 4001516), ('AER-ARH', 3956240), ('SVO-ROV', 3721171), ('AER-REN', 3564042), ('PEE-AER', 3431714), ('SVO-PEE', 3340708), ('LED-ROV', 3230410), ('MMK-AER', 3220367), ('SVO-SIP', 3124102), ('VOG-SVO', 2789256), ('AER-MMK', 2753940), ('KGD-MMK', 2704151)]"
"Ural Airlines, Уральские авиалинии",U6,Ural Airlines,False,"[('DME-AER', 4919555645), ('AER-DME', 3839925650), ('DME-SVX', 1948485079), ('SVX-DME', 1817404742), ('DME-LED', 1018992842), ('LED-DME', 830669761), ('SVX-AER', 627924018), ('DME-MRV', 556098473), ('AER-SVX', 468966244), ('DME-KGD', 438100943), ('LED-SVX', 417785557), ('SVX-LED', 408757239), ('MRV-DME', 397575682), ('KGD-DME', 378060691), ('LED-AER', 366993666), ('AER-LED', 317453702), ('LED-KGD', 244537573), ('DME-MCX', 234972627), ('KGD-LED', 219802770), ('MCX-DME', 173317676), ('SVX-MRV', 148811759), ('DME-OVB', 135579794), ('MRV-SVX', 113024948), ('OVB-DME', 107564330), ('ZIA-DYU', 106424579), ('DME-OMS', 88579304), ('DME-GRV', 83278433), ('KUF-AER', 80973164), ('AER-KUF', 79522336), ('KZN-AER', 79211128), ('DME-IKT', 71974243), ('AER-KZN', 70491648), ('ZIA-AER', 59591106), ('OMS-DME', 57601504), ('DYU-ZIA', 56606512), ('IKT-DME', 52499140), ('GRV-DME', 51534097), ('SVX-KJA', 49788580), ('SVX-FRU', 49345885), ('DME-FRU', 48414844), ('ZIA-FRU', 48150789), ('DME-OGZ', 45804133), ('SVX-DYU', 45629280), ('DME-KZN', 45532711), ('SVX-OSS', 42888152), ('CEK-AER', 42642215), ('AER-ZIA', 42339787), ('FRU-DME', 40096285), ('KJA-SVX', 39892477), ('ZIA-LBD', 38745119), ('SVX-KGD', 38636326), ('OGZ-DME', 38301868), ('ZIA-OSS', 38144170), ('SVX-VVO', 37814576), ('FRU-ZIA', 36412646), ('SVX-MCX', 35912777), ('KZN-DME', 35752839), ('AER-CEK', 35471789), ('DME-BAX', 34931850), ('KGD-SVX', 30840609), ('LED-DYU', 30190339), ('DME-SIP', 29115395), ('LED-OSS', 28672638), ('DME-OSS', 28567298), ('ZIA-IST', 27234703), ('IST-ZIA', 26985004), ('SVX-IKT', 26844510), ('FRU-SVX', 25091055), ('OSS-ZIA', 24874739), ('MCX-SVX', 24480702), ('SVX-KHV', 24108704), ('DME-BQS', 23878405), ('ZIA-TAS', 23161719), ('DME-DWC', 22939902), ('LED-VVO', 22344523), ('GOJ-AER', 22293616), ('DME-LBD', 21735545), ('SIP-DME', 21635013), ('LBD-ZIA', 21512701), ('SVX-LBD', 21360559), ('KZN-SVX', 21182149), ('SVX-KZN', 21084152), ('DME-EVN', 21079424), ('BAX-DME', 20200817), ('OSS-SVX', 19796041), ('BQS-DME', 19158498), ('OSS-DME', 19028821), ('OMS-AER', 18962618), ('IKT-SVX', 17990082), ('VVO-SVX', 17883094), ('DYU-SVX', 17719737), ('DME-UFA', 17413128), ('AER-OMS', 17346354), ('UFA-DME', 16360914), ('DME-KUF', 16329778), ('KUF-DME', 16061445), ('AER-GOJ', 16043178), ('DME-ARH', 16010101), ('UFA-AER', 16000310), ('EVN-DME', 15999666)]"
AirBridgeCargo,RU,AirBridgeCargo,False,[]
UTair,UT,Utair,False,"[('VKO-AER', 824399747), ('AER-VKO', 597596143), ('VKO-LED', 583698653), ('LED-VKO', 459090342), ('VKO-SGC', 419693076), ('SGC-VKO', 390990464), ('VKO-MRV', 377071785), ('VKO-UFA', 322406039), ('UFA-VKO', 283792815), ('TJM-VKO', 283563232), ('VKO-TJM', 276025711), ('KUF-VKO', 227236433), ('SVX-UFA', 201738010), ('UFA-SVX', 199101107), ('VKO-EVN', 192879649), ('VKO-KUF', 185963763), ('MRV-VKO', 185784545), ('VKO-GRV', 172092947), ('GRV-VKO', 143684321), ('EVN-VKO', 134605978), ('VKO-TAS', 130113435), ('SGC-LED', 122625811), ('VKO-GYD', 118771968), ('VKO-KJA', 118122543), ('SGC-SVX', 115987118), ('KZN-UFA', 114338468), ('UFA-KZN', 114326339), ('LED-SGC', 108180668), ('SVX-SGC', 107320691), ('KJA-VKO', 105800812), ('TJM-SGC', 104808317), ('GRV-IST', 103427335), ('SGC-TJM', 100265163), ('SGC-AER', 92329078), ('AER-SGC', 92163904), ('SGC-UFA', 87611977), ('TAS-VKO', 81081515), ('GYD-VKO', 80667973), ('SVX-KUF', 79872017), ('UFA-SGC', 78320519), ('OVB-SGC', 71963307), ('IST-GRV', 71285763), ('SGC-OVB', 66138753), ('TJM-AER', 64687912), ('VKO-DYU', 64228636), ('KUF-SVX', 63880841), ('KJA-OVB', 61336067), ('OVB-KJA', 59629870), ('SVX-TJM', 57574800), ('KJA-IKT', 57234375), ('UFA-TJM', 56777184), ('TJM-SVX', 49119204), ('AER-TJM', 48712029), ('TJM-UFA', 44410083), ('VKO-NJC', 44099407), ('VKO-HMA', 43800167), ('IKT-KJA', 43248666), ('AER-EVN', 41860893), ('SGC-KUF', 37939732), ('KUF-SGC', 35198340), ('VKO-SCW', 34527043), ('VKO-MCX', 33641038), ('DYU-VKO', 32824878), ('SGC-OMS', 32181018), ('TJM-HMA', 31009685), ('UFA-KUF', 30933019), ('HMA-VKO', 30725498), ('LED-GYD', 30671562), ('EVN-AER', 29650764), ('KJA-SGC', 29322254), ('SGC-KJA', 27687967), ('KZN-TJM', 27185014), ('TJM-KZN', 27037259), ('SCW-VKO', 26612357), ('HMA-SVX', 26035021), ('KUF-UFA', 25705943), ('OMS-SGC', 25445413), ('OVB-IKT', 25313244), ('NJC-VKO', 24508891), ('SVX-HMA', 23036572), ('HMA-TJM', 22788131), ('IKT-OVB', 22662688), ('UFA-AER', 22435644), ('KUF-GYD', 20805160), ('MCX-VKO', 20704202), ('NJC-TJM', 19950951), ('UFA-MRV', 19323067), ('VKO-SKD', 18593930), ('TJM-NJC', 18010511), ('SGC-IKT', 16341126), ('GYD-LED', 15844428), ('IKT-SGC', 15237136), ('AER-UFA', 15168895), ('TJM-OMS', 14955143), ('SGC-MRV', 13752407), ('LED-EVN', 12668191), ('SKD-VKO', 12511270), ('MRV-UFA', 12374276), ('GYD-KUF', 12301915), ('SGC-HMA', 12164961)]"
Якутия,R3,Yakutia Airlines,False,"[('VKO-AER', 203262491), ('AER-VKO', 146473195), ('VKO-OVB', 62645252), ('VKO-MRV', 60978796), ('OVB-VKO', 51235629), ('MRV-VKO', 43022480), ('VKO-MCX', 18250419), ('MCX-VKO', 15839888), ('LED-SVX', 15556344), ('YKS-VKO', 15292575), ('VKO-KGD', 15108824), ('VKO-YKS', 15051791), ('SVX-LED', 13929477), ('KGD-VKO', 13231351), ('IKT-YKS', 7275128), ('LED-VKO', 6387384), ('YKS-VVO', 5929797), ('KHV-YKS', 5851057), ('VVO-YKS', 5773823), ('YKS-IKT', 5500990), ('YKS-KHV', 4734357), ('OVB-YKS', 4699272), ('LED-YKS', 4452578), ('OVB-AER', 3990278), ('AER-OVB', 3591350), ('VKO-UFA', 3520727), ('YKS-LED', 3341534), ('YKS-OVB', 3267358), ('KHV-UUS', 3146336), ('UFA-VKO', 3070602), ('VKO-NER', 3043082), ('AER-YKS', 2911288), ('UUS-KHV', 2592899), ('YKS-AER', 2406340), ('KJA-UUD', 2357732), ('KJA-YKS', 2259731), ('OVB-NER', 2231012), ('NER-VKO', 2189589), ('VKO-ROV', 2054446), ('UUD-KJA', 2051866), ('UUD-KHV', 2043466), ('YKS-KJA', 2041571), ('KHV-UUD', 2032302), ('BQS-UUS', 1870246), ('HTA-VVO', 1657404), ('UUS-YKS', 1593577), ('NER-KHV', 1563116), ('UUS-BQS', 1459771), ('KHV-BQS', 1415980), ('SVX-YKS', 1405491), ('KHV-HTA', 1391319), ('VKO-SIP', 1385182), ('BQS-KHV', 1381286), ('HTA-KHV', 1287013), ('KHV-NER', 1250960), ('OMS-AER', 1244609), ('YKS-NER', 1178513), ('YKS-SVX', 1169290), ('YKS-UUS', 1127272), ('ROV-VKO', 1105992), ('NER-YKS', 1060231), ('VVO-BQS', 1058256), ('BQS-VVO', 1057239), ('NER-OVB', 1014508), ('VVO-HTA', 993153), ('SIP-VKO', 896065), ('UUS-PKC', 872600), ('YKS-UUD', 863727), ('BQS-YKS', 814959), ('YKS-BQS', 813079), ('UUD-YKS', 803135), ('AER-OMS', 772916), ('VKO-LED', 760054), ('AER-KJA', 685435), ('YKS-MJZ', 676606), ('PKC-UUS', 665910), ('MJZ-KHV', 658502), ('HTA-YKS', 642271), ('MJZ-YKS', 625059), ('MRV-YKS', 614482), ('KJA-AER', 603602), ('YKS-HTA', 562617), ('KHV-MJZ', 485584), ('YKS-MRV', 471138), ('YKS-HRB', 329437), ('OMS-YKS', 302337), ('VKO-NJC', 281743), ('YKS-OMS', 259612), ('NJC-VKO', 198401), ('PYJ-YKS', 189459), ('HRB-YKS', 175044), ('YKS-PYJ', 163575), ('KHV-DYR', 159115), ('VKO-NAL', 152333), ('NAL-VKO', 136602), ('DYR-KHV', 115982), ('VKO-KZN', 104360), ('VKO-IKT', 84267), ('OVB-KRR', 73096), ('IKT-VKO', 68416)]"
Ямал (авиационная транспортная компания),YC,Yamal Airlines,False,"[('TJM-AER', 35216711), ('AER-TJM', 31919354), ('DME-NUX', 22959240), ('AYT-DME', 15753948), ('TJM-NUX', 15321321), ('NUX-DME', 14009830), ('NUX-TJM', 13513987), ('SLY-TJM', 12779311), ('TJM-SLY', 12512977), ('DME-SLY', 12006354), ('DME-AYT', 11136484), ('SLY-DME', 10028315), ('NUX-UFA', 5744302), ('MRV-TJM', 5647329), ('TJM-MRV', 5266315), ('NUX-OVB', 4788605), ('UFA-NUX', 4461895), ('AER-DME', 4361678), ('DME-AER', 3852620), ('SLY-SVX', 3839148), ('LED-NUX', 3773245), ('NUX-SVX', 3680134), ('DME-NYM', 3482456), ('NUX-LED', 3322058), ('SVO-SLY', 3242975), ('SLY-SVO', 3038471), ('SVX-SLY', 2987124), ('NYM-TJM', 2962980), ('AER-SLY', 2839770), ('TJM-NOJ', 2791832), ('DME-NOJ', 2641130), ('NUX-OMS', 2514291), ('SLY-LED', 2442865), ('SLY-AER', 2395219), ('NUX-SLY', 2351951), ('SVX-NUX', 2256514), ('NOJ-DME', 2217952), ('SVX-NOJ', 2197408), ('NUX-AER', 2159265), ('OVB-NUX', 2150724), ('TJM-NYM', 2132707), ('SLY-UFA', 2002653), ('SLY-NUX', 1990153), ('UFA-DME', 1949742), ('NOJ-TJM', 1910325), ('NOJ-LED', 1872814), ('DME-EVN', 1870924), ('NYM-DME', 1858210), ('SLY-OVB', 1803188), ('TJM-LBD', 1748917), ('LED-SLY', 1641824), ('SLY-OMS', 1631952), ('DME-IST', 1537062), ('NUX-MRV', 1516686), ('EVN-DME', 1461461), ('DME-UFA', 1429141), ('NYM-SVX', 1413315), ('OMS-NUX', 1395175), ('OVB-SLY', 1362449), ('LED-NYM', 1177378), ('LED-NOJ', 1133705), ('UFA-SLY', 1104350), ('AER-NUX', 1040267), ('NYM-AER', 1019155), ('OMS-SLY', 939497), ('UFA-NOJ', 919118), ('DME-TJM', 912760), ('NYM-UFA', 869151), ('NOJ-SVX', 837178), ('UFA-NYM', 835293), ('LBD-TJM', 787291), ('NOJ-UFA', 770779), ('MRV-NUX', 770667), ('NOJ-SLY', 764751), ('IST-DME', 757143), ('SVX-NYM', 750699), ('SLY-NOJ', 743397), ('DME-SKD', 713252), ('RGK-NUX', 712496), ('NJC-LBD', 687117), ('AER-KUF', 646144), ('AER-NOJ', 611742), ('NUX-RGK', 572023), ('NOJ-AER', 565065), ('RGK-SLY', 562845), ('SLY-RGK', 531796), ('TJM-SVX', 527888), ('AER-NYM', 515824), ('TJM-DME', 511962), ('SLY-MRV', 487215), ('NOJ-OMS', 465585), ('LED-SKD', 410640), ('OMS-NOJ', 382775), ('KZN-SLY', 380280), ('AYT-KZN', 363584), ('DME-BHK', 360690), ('DME-OSS', 350556), ('SKD-DME', 345965), ('NYM-LED', 332863), ('AYT-VKO', 330525)]"
