,city
0,袦芯褋泻胁邪
1,小邪薪泻褌-袩械褌械褉斜褍褉谐
2,袧芯胁芯褋懈斜懈褉褋泻
3,袝泻邪褌械褉懈薪斜褍褉谐
4,袣邪蟹邪薪褜
5,袧懈卸薪懈泄 袧芯胁谐芯褉芯写
6,效械谢褟斜懈薪褋泻
7,袣褉邪褋薪芯褟褉褋泻
8,小邪屑邪褉邪
9,校褎邪
10,袪芯褋褌芯胁-薪邪-袛芯薪褍
11,袨屑褋泻
12,袣褉邪褋薪芯写邪褉
13,袙芯褉芯薪械卸
14,袩械褉屑褜
15,袙芯谢谐芯谐褉邪写
16,小邪褉邪褌芯胁
17,孝褞屑械薪褜
18,孝芯谢褜褟褌褌懈
19,袘邪褉薪邪褍谢
20,袠卸械胁褋泻
21,袦邪褏邪褔泻邪谢邪
22,啸邪斜邪褉芯胁褋泻
23,校谢褜褟薪芯胁褋泻
24,袠褉泻褍褌褋泻
25,袙谢邪写懈胁芯褋褌芯泻
26,携褉芯褋谢邪胁谢褜
27,袣械屑械褉芯胁芯
28,孝芯屑褋泻
29,袧邪斜械褉械卸薪褘械 效械谢薪褘
30,小械胁邪褋褌芯锌芯谢褜
31,小褌邪胁褉芯锌芯谢褜
32,袨褉械薪斜褍褉谐
33,袧芯胁芯泻褍蟹薪械褑泻
34,袪褟蟹邪薪褜
35,袘邪谢邪褕懈褏邪
36,袩械薪蟹邪
37,效械斜芯泻褋邪褉褘
38,袥懈锌械褑泻
39,袣邪谢懈薪懈薪谐褉邪写
40,袗褋褌褉邪褏邪薪褜
41,孝褍谢邪
42,袣懈褉芯胁
43,小芯褔懈
44,袣褍褉褋泻
45,校谢邪薪-校写褝
46,孝胁械褉褜
47,袦邪谐薪懈褌芯谐芯褉褋泻
48,小褍褉谐褍褌
49,袘褉褟薪褋泻
50,袠胁邪薪芯胁芯
51,携泻褍褌褋泻
52,袙谢邪写懈屑懈褉
53,小懈屑褎械褉芯锌芯谢褜
54,袘械谢谐芯褉芯写
55,袧懈卸薪懈泄 孝邪谐懈谢
56,袣邪谢褍谐邪
57,效懈褌邪
58,袚褉芯蟹薪褘泄
59,袙芯谢卸褋泻懈泄
60,小屑芯谢械薪褋泻
61,袩芯写芯谢褜褋泻
62,小邪褉邪薪褋泻
63,袙芯谢芯谐写邪
64,袣褍褉谐邪薪
65,效械褉械锌芯胁械褑
66,袨褉褢谢
67,袗褉褏邪薪谐械谢褜褋泻
68,袙谢邪写懈泻邪胁泻邪蟹
69,袧懈卸薪械胁邪褉褌芯胁褋泻
70,袡芯褕泻邪褉-袨谢邪
71,小褌械褉谢懈褌邪屑邪泻
72,袦褍褉屑邪薪褋泻
73,袣芯褋褌褉芯屑邪
74,袧芯胁芯褉芯褋褋懈泄褋泻
75,孝邪屑斜芯胁
76,啸懈屑泻懈
77,袦褘褌懈褖懈
78,袧邪谢褜褔懈泻
79,孝邪谐邪薪褉芯谐
80,袧懈卸薪械泻邪屑褋泻
81,袘谢邪谐芯胁械褖械薪褋泻
82,袣芯屑褋芯屑芯谢褜褋泻-薪邪-袗屑褍褉械
83,袩械褌褉芯蟹邪胁芯写褋泻
84,袣芯褉芯谢褢胁
85,楔邪褏褌褘
86,协薪谐械谢褜褋
87,袙械谢懈泻懈泄 袧芯胁谐芯褉芯写
88,袥褞斜械褉褑褘
89,袘褉邪褌褋泻
90,小褌邪褉褘泄 袨褋泻芯谢
91,袗薪谐邪褉褋泻
92,小褘泻褌褘胁泻邪褉
93,袛蟹械褉卸懈薪褋泻
94,袩褋泻芯胁
95,袨褉褋泻
96,袣褉邪褋薪芯谐芯褉褋泻
97,袗褉屑邪胁懈褉
98,袗斜邪泻邪薪
99,袘邪谢邪泻芯胁芯
100,袘懈泄褋泻
101,挟卸薪芯-小邪褏邪谢懈薪褋泻
102,袨写懈薪褑芯胁芯
103,校褋褋褍褉懈泄褋泻
104,袩褉芯泻芯锌褜械胁褋泻
105,袪褘斜懈薪褋泻
106,袧芯褉懈谢褜褋泻
107,袙芯谢谐芯写芯薪褋泻
108,小褘蟹褉邪薪褜
109,袩械褌褉芯锌邪胁谢芯胁褋泻-袣邪屑褔邪褌褋泻懈泄
110,袣邪屑械薪褋泻-校褉邪谢褜褋泻懈泄
111,袧芯胁芯褔械褉泻邪褋褋泻
112,袗谢褜屑械褌褜械胁褋泻
113,袟谢邪褌芯褍褋褌
114,小械胁械褉芯写胁懈薪褋泻
115,啸邪褋邪胁褞褉褌
116,袣械褉褔褜
117,袛芯屑芯写械写芯胁芯
118,小邪谢邪胁邪褌
119,袦懈邪褋褋
120,袣芯锌械泄褋泻
121,袩褟褌懈谐芯褉褋泻
122,协谢械泻褌褉芯褋褌邪谢褜
123,袦邪泄泻芯锌
124,袧邪褏芯写泻邪
125,袘械褉械蟹薪懈泻懈
126,袣芯谢芯屑薪邪
127,些褢谢泻芯胁芯
128,小械褉锌褍褏芯胁
129,袣芯胁褉芯胁
130,袧械褎褌械泻邪屑褋泻
131,袣懈褋谢芯胁芯写褋泻
132,袘邪褌邪泄褋泻
133,袪褍斜褑芯胁褋泻
134,袨斜薪懈薪褋泻
135,袣褘蟹褘谢
136,袛械褉斜械薪褌
137,袧械褎褌械褞谐邪薪褋泻
138,袧邪蟹褉邪薪褜
139,袣邪褋锌懈泄褋泻
140,袛芯谢谐芯锌褉褍写薪褘泄
141,袧芯胁芯褔械斜芯泻褋邪褉褋泻
142,袧芯胁芯屑芯褋泻芯胁褋泻
143,袝褋褋械薪褌褍泻懈
144,袧械胁懈薪薪芯屑褘褋褋泻
145,袨泻褌褟斜褉褜褋泻懈泄
146,袪邪屑械薪褋泻芯械
147,袩械褉胁芯褍褉邪谢褜褋泻
148,袦懈褏邪泄谢芯胁褋泻
149,袪械褍褌芯胁
150,效械褉泻械褋褋泻
151,袞褍泻芯胁褋泻懈泄
152,袛懈屑懈褌褉芯胁谐褉邪写
153,袩褍褕泻懈薪芯
154,袗褉褌褢屑
155,袣邪屑褘褕懈薪
156,袝胁锌邪褌芯褉懈褟
157,袦褍褉芯屑
158,啸邪薪褌褘-袦邪薪褋懈泄褋泻
159,袧芯胁褘泄 校褉械薪谐芯泄
160,小械胁械褉褋泻
161,袨褉械褏芯胁芯-袟褍械胁芯
162,袗褉蟹邪屑邪褋
163,袧芯谐懈薪褋泻
164,袧芯胁芯褕邪褏褌懈薪褋泻
165,袘械褉写褋泻
166,协谢懈褋褌邪
167,小械褉谐懈械胁 袩芯褋邪写
168,袙懈写薪芯械
169,袗褔懈薪褋泻
170,孝芯斜芯谢褜褋泻
171,袧芯褟斜褉褜褋泻
172,袝谢械褑
173,袟械谢械薪芯写芯谢褜褋泻
174,袧芯胁芯泻褍泄斜褘褕械胁褋泻
175,袙芯褌泻懈薪褋泻
176,袞械谢械蟹薪芯谐芯褉褋泻
177,袦械卸写褍褉械褔械薪褋泻
178,袙芯褋泻褉械褋械薪褋泻
179,袚邪褌褔懈薪邪
180,小械褉芯胁
181,小邪褉芯胁
182,袥械薪懈薪褋泻-袣褍蟹薪械褑泻懈泄
183,小邪褉邪锌褍谢
184,袦邪谐邪写邪薪
185,袦懈褔褍褉懈薪褋泻
186,小芯谢懈泻邪屑褋泻
187,袦褍褉懈薪芯
188,效械褏芯胁
189,袣谢懈薪
190,袘褍蟹褍谢褍泻
191,袚谢邪蟹芯胁
192,袣邪薪褋泻
193,袙械谢懈泻懈械 袥褍泻懈
194,袣邪屑械薪褋泻-楔邪褏褌懈薪褋泻懈泄
195,袚褍斜泻懈薪
196,袣懈褋械谢褢胁褋泻
197,袝泄褋泻
198,袠胁邪薪褌械械胁泻邪
199,袥芯斜薪褟
200,袗蟹芯胁
201,袗薪邪锌邪
202,袘褍谐褍谢褜屑邪
203,袚械谢械薪写卸懈泻
204,校褏褌邪
205,挟褉谐邪
206,校褋褌褜-袠谢懈屑褋泻
207,袙褋械胁芯谢芯卸褋泻
208,袧芯胁芯褍褉邪谢褜褋泻
209,袣褍蟹薪械褑泻
210,袘芯褉
211,袣懈薪械褕屑邪
212,袨蟹褢褉褋泻
213,袧芯胁芯褌褉芯懈褑泻
214,袣褉芯锌芯褌泻懈薪
215,效邪泄泻芯胁褋泻懈泄
216,效械褉薪芯谐芯褉褋泻
217,校褋芯谢褜械-小懈斜懈褉褋泻芯械
218,携谢褌邪
219,袛褍斜薪邪
220,袘邪谢邪褕芯胁
221,袝谢邪斜褍谐邪
222,袧芯胁芯邪谢褌邪泄褋泻
223,袙褘斜芯褉谐
224,袝谐芯褉褜械胁褋泻
225,袙械褉褏薪褟褟 袩褘褕屑邪
226,袧邪褉芯-肖芯屑懈薪褋泻
227,袦懈薪械褉邪谢褜薪褘械 袙芯写褘
228,孝褉芯懈褑泻
229,效邪锌邪械胁褋泻
230,袦懈薪褍褋懈薪褋泻
231,袘懈褉芯斜懈写卸邪薪
232,楔邪写褉懈薪褋泻
233,袘械谢芯胁芯
234,孝褍泄屑邪蟹褘
235,小械褉褌芯谢芯胁芯
236,袘褍泄薪邪泻褋泻
237,袠褕懈屑
238,袣懈褉芯胁芯-效械锌械褑泻
239,袗薪卸械褉芯-小褍写卸械薪褋泻
240,肖械芯写芯褋懈褟
241,袛屑懈褌褉芯胁
242,小芯褋薪芯胁褘泄 袘芯褉
243,袚芯褉薪芯-袗谢褌邪泄褋泻
244,袥褘褌泻邪褉懈薪芯
245,袩邪胁谢芯胁褋泻懈泄 袩芯褋邪写
246,袘械谢芯褉械褑泻
247,小褌褍锌懈薪芯
248,袚褍写械褉屑械褋
249,袠褕懈屑斜邪泄
250,袛芯薪褋泻芯泄
251,袣芯褌械谢褜薪懈泻懈
252,袣褋褌芯胁芯
253,校褉褍褋-袦邪褉褌邪薪
254,袚械芯褉谐懈械胁褋泻
255,袣谢懈薪褑褘
256,袧褟谐邪薪褜
257,小谢邪胁褟薪褋泻-薪邪-袣褍斜邪薪懈
258,袣褍薪谐褍褉
259,小褍薪卸邪
260,孝褍邪锌褋械
261,袣芯谐邪谢褘屑
262,袘械谢芯谐芯褉褋泻
263,袥械薪懈薪芯谐芯褉褋泻
264,袪芯褋褋芯褕褜
265,袗谢械泻褋懈薪
266,袣褍写褉芯胁芯
267,袘芯褉懈褋芯谐谢械斜褋泻
268,肖褉褟蟹懈薪芯
269,袚褍泻芯胁芯
270,袪械胁写邪
271,袩褉芯褏谢邪写薪褘泄
272,袘械褉褢蟹芯胁褋泻懈泄
273,袘械谢械斜械泄
274,效懈褋褌芯锌芯谢褜
275,袟邪褉械褔薪褘泄
276,袘褍写褢薪薪芯胁褋泻
277,袣褍屑械褉褌邪褍
278,小邪谢褜褋泻
279,袛蟹械褉卸懈薪褋泻懈泄
280,袥邪斜懈薪褋泻
281,袗褋斜械褋褌
282,袠褋泻懈褌懈屑
283,袩邪胁谢芯胁芯
284,袗谢械泻褋邪薪写褉芯胁
285,袙芯褉泻褍褌邪
286,小懈斜邪泄
287,袦械谢械褍蟹
288,袣芯褌谢邪褋
289,袦懈褏邪泄谢芯胁泻邪
290,袠蟹斜械褉斜邪褕
291,袣褉邪褋薪芯褌褍褉褜懈薪褋泻
292,袘械谢芯褉械褔械薪褋泻
293,袪卸械胁
294,袥械褋芯褋懈斜懈褉褋泻
295,孝懈褏芯褉械褑泻
296,孝懈褏胁懈薪
297,楔褍褟
298,袩芯谢械胁褋泻芯泄
299,些褢泻懈薪芯
300,楔邪谢懈
301,袙芯谢褜褋泻
302,袣褉褘屑褋泻
303,袟械谢械薪芯谐芯褉褋泻
304,袥懈褋泻懈
305,效械褉械屑褏芯胁芯
306,袥褘褋褜胁邪
307,袧械褉褞薪谐褉懈
308,袙芯谢卸褋泻
309,袦械谐懈芯薪
310,袙褟蟹褜屑邪
311,孝懈屑邪褕褢胁褋泻
312,袚褍褋褜-啸褉褍褋褌邪谢褜薪褘泄
313,袣褉邪褋薪芯泻邪屑械薪褋泻
314,袣懈褉懈褕懈
315,小薪械卸懈薪褋泻
316,袞懈谐褍谢褢胁褋泻
317,袣懈蟹谢褟褉
318,袣懈薪谐懈褋械锌锌
319,袗锌邪褌懈褌褘
320,校蟹谢芯胁邪褟
321,袣褉邪褋薪芯泻邪屑褋泻
322,袘邪谢邪褏薪邪
323,小胁芯斜芯写薪褘泄
324,小芯谢薪械褔薪芯谐芯褉褋泻
325,袗泻褋邪泄
326,袥械褋薪芯泄
327,袗褉褋械薪褜械胁
328,小邪谢械褏邪褉写
329,袘芯褉芯胁懈褔懈
330,袪邪褋褋泻邪蟹芯胁芯
331,袣褍褉谐邪薪懈薪褋泻
332,袨褌褉邪写薪褘泄
333,袛芯薪械褑泻
334,袧邪写褘屑
335,袣邪褕懈褉邪
336,袙褘褕薪懈泄 袙芯谢芯褔褢泻
337,效褍褋芯胁芯泄
338,袪芯褋谢邪胁谢褜
339,袧邪蟹邪褉芯胁芯
340,袙褘泻褋邪
341,小邪褟薪芯谐芯褉褋泻
342,效械斜邪褉泻褍谢褜
343,袣邪薪邪褕
344,袦芯卸谐邪
345,袘懈褉褋泻
346,袚褉褟蟹懈
347,袣褉邪褋薪芯蟹薪邪屑械薪褋泻
348,袘褍谐褍褉褍褋谢邪薪
349,袪邪写褍卸薪褘泄
350,袥懈胁薪褘
351,小械胁械褉芯屑芯褉褋泻
352,袣邪褉邪斜褍谢邪泻
353,袪褍蟹邪械胁泻邪
354,袥邪薪谐械锌邪褋
355,小邪褌泻邪
356,楔械谢械褏芯胁
357,袣褍泄斜褘褕械胁
358,袦邪谢芯褟褉芯褋谢邪胁械褑
359,袣芯褉械薪芯胁褋泻
360,袘芯谢褜褕芯泄 袣邪屑械薪褜
361,袗褉谐褍薪
362,孝械屑褉褞泻
363,携褉褑械胁芯
364,校褉邪泄
365,袟邪褉懈薪褋泻
366,孝芯褉卸芯泻
367,袙械褉褏薪褟褟 小邪谢写邪
368,袥褟薪褌芯褉
369,袚芯褉褟褔懈泄 袣谢褞褔
370,袣懈屑褉褘
371,袦邪褉懈懈薪褋泻
372,袘械谢邪褟 袣邪谢懈褌胁邪
373,小芯褋薪芯胁芯斜芯褉褋泻
374,袨褋懈薪薪懈泻懈
375,袣褍褉褔邪褌芯胁
376,袗锌褕械褉芯薪褋泻
377,袩褘褌褜-携褏
378,校褋褌褜-袥邪斜懈薪褋泻
379,袩褍谐邪褔褢胁
380,袦褘褋泻懈
381,袦芯薪褔械谐芯褉褋泻
382,袟邪懈薪褋泻
383,楔械斜械泻懈薪芯
384,孝褍褌邪械胁
385,袘邪泻褋邪薪
386,袗斜懈薪褋泻
387,袣芯谢褜褔褍谐懈薪芯
388,小褌褉械卸械胁芯泄
389,袦芯褉褕邪薪褋泻
390,小芯胁械褌褋泻
391,携谢褍褌芯褉芯胁褋泻
392,袧芯胁芯蟹褘斜泻芯胁
393,袠蟹芯斜懈谢褜薪褘泄
394,袗屑褍褉褋泻
395,袙芯谢褏芯胁
396,孝褍谢褍薪
397,袥褍谐邪
398,小邪褎芯薪芯胁芯
399,袣懈蟹懈谢褞褉褌
400,挟谐芯褉褋泻
401,楔邪褌褍褉邪
402,袪褌懈褖械胁芯
403,袩械褉械褋谢邪胁谢褜-袟邪谢械褋褋泻懈泄
404,袩褉芯褌胁懈薪芯
405,挟卸薪芯褍褉邪谢褜褋泻
406,袠褋褌褉邪
407,袣邪褔泻邪薪邪褉
408,袣褉邪褋薪芯褍褎懈屑褋泻
409,袣芯褉泻懈薪芯
410,袛卸邪薪泻芯泄
411,袠褉斜懈褌
412,袦褑械薪褋泻
413,校褋褌褜-袣褍褌
414,袦芯蟹写芯泻
415,袟邪胁芯谢卸褜械
416,袣懈薪械谢褜
417,校褉褞锌懈薪褋泻
418,袪械卸
419,袗谢械泻褋械械胁泻邪
420,袝褎褉械屑芯胁
421,袦邪谢谐芯斜械泻
422,袝谢懈蟹芯胁芯
423,袙褟蟹薪懈泻懈
424,袗谢邪锌邪械胁褋泻
425,校褔邪谢褘
426,效械褉薪褟褏芯胁褋泻
427,袣褘褕褌褘屑
428,袘械褋谢邪薪
429,袘邪谢邪泻谢邪胁邪
430,袥褞写懈薪芯胁芯
431,袟胁械薪懈谐芯褉芯写
432,小锌邪褋褋泻-袛邪谢褜薪懈泄
433,小胁械褌谢芯谐褉邪写
434,袣褉邪褋薪褘泄 小褍谢懈薪
435,肖褉芯谢芯胁芯
436,袗褏褌褍斜懈薪褋泻
437,小邪褟薪褋泻
438,袗锌褉械谢械胁泻邪
439,袥械褋芯蟹邪胁芯写褋泻
440,袩械褔芯褉邪
441,袘芯谐芯褉芯写褋泻
442,袦懈谢谢械褉芯胁芯
443,袗蟹薪邪泻邪械胁芯
444,小芯泻芯谢
445,小谢邪薪褑褘
446,袣芯褉褟卸屑邪
447,孝邪泄褕械褌
448,袥懈泻懈薪芯-袛褍谢褢胁芯
449,孝芯褋薪芯
450,袦懈褉薪褘泄
451,袧芯胁芯泻褍斜邪薪褋泻
452,袧褍褉谢邪褌
453,楔邪褉褘锌芯胁芯
454,袣芯褉褋邪泻芯胁
455,袦芯卸邪泄褋泻
456,袩邪褉褌懈蟹邪薪褋泻
457,袛邪谢褜薪械谐芯褉褋泻
458,袣芯薪邪泻芯胁芯
459,袣邪屑械薪泻邪
460,袚褍谢褜泻械胁懈褔懈
461,袧芯胁芯写胁懈薪褋泻
462,袚邪泄
463,袚褍斜泻懈薪褋泻懈泄
464,袧邪褉褌泻邪谢邪
465,袟械谢械薪芯泻褍屑褋泻
466,袙邪谢褍泄泻懈
467,效械褉薪褍褕泻邪
468,孝邪胁写邪
469,小褍褏芯泄 袥芯谐
470,校谐谢懈褔
471,孝褉褢褏谐芯褉薪褘泄
472,袣邪屑械薪褜-薪邪-袨斜懈
473,袗谢邪褌褘褉褜
474,袣褍谢械斜邪泻懈
475,校褋懈薪褋泻
476,袨褋褌褉芯谐芯卸褋泻
477,袛邪谐械褋褌邪薪褋泻懈械 袨谐薪懈
478,袗谢褍褕褌邪
479,孝械泄泻芯胁芯
480,袛褞褉褌褞谢懈
481,小芯胁械褌褋泻懈泄
482,校褋褌褜-袛卸械谐褍褌邪
483,袩褉懈屑芯褉褋泻芯-袗褏褌邪褉褋泻
484,袣芯褏屑邪
485,袘谢邪谐芯写邪褉薪褘泄
486,袛械写芯胁褋泻
487,袙懈褔褍谐邪
488,袧芯胁芯胁芯褉芯薪械卸
489,袟懈屑邪
490,袨斜褜
491,小械褉写芯斜褋泻
492,袘芯谐写邪薪芯胁懈褔
493,袧懈卸薪械褍写懈薪褋泻
494,协谢械泻褌褉芯谐芯褉褋泻
495,袥褍褏芯胁懈褑褘
496,袙褟褌褋泻懈械 袩芯谢褟薪褘
497,肖褍褉屑邪薪芯胁
498,袘芯褉蟹褟
499,袘芯谐芯褉芯写懈褑泻
500,袚褍褋械胁
501,袦褍褉邪胁谢械薪泻芯
502,小谢芯斜芯写褋泻芯泄
503,袣邪薪写邪谢邪泻褕邪
504,袘邪谢邪斜邪薪芯胁芯
505,袥芯褋懈薪芯-袩械褌褉芯胁褋泻懈泄
506,袗褉褌褢屑芯胁褋泻懈泄
507,袛芯斜褉褟薪泻邪
508,袦邪褉泻褋
509,袙械谢懈泻懈泄 校褋褌褞谐
510,袚芯褉芯写械褑
511,孝褘薪写邪
512,袘邪褏褔懈褋邪褉邪泄
513,小芯褉芯褔懈薪褋泻
514,袣邪褋懈屑芯胁
515,袣褍写褘屑泻邪褉
516,袪芯褋褌芯胁 袙械谢懈泻懈泄
517,小械屑懈谢褍泻懈
518,小谢邪胁谐芯褉芯写
519,袗褕邪
520,袘邪褉邪斜懈薪褋泻
521,袝屑邪薪卸械谢懈薪褋泻
522,小褌邪褉邪褟 袪褍褋褋邪
523,袛懈胁薪芯谐芯褉褋泻
524,袩芯褏胁懈褋褌薪械胁芯
525,袣懈褉卸邪褔
526,袣褍褕胁邪
527,袣懈褉芯胁褋泻
528,孝芯锌泻懈
529,袣邪屑褘褕谢芯胁
530,袣邪褉褌邪谢褘
531,袟邪胁芯写芯褍泻芯胁褋泻
532,孝邪褉邪
533,楔褍屑械褉谢褟
534,袘邪谢褌懈泄褋泻
535,袧芯胁芯邪谢械泻褋邪薪写褉芯胁褋泻
536,袚褍褉褜械胁褋泻
537,袣芯褌芯胁褋泻
538,袦邪泄褋泻懈泄
539,袣褍胁邪薪写褘泻
540,袚邪谐邪褉懈薪
541,袣褉邪褋薪芯邪褉屑械泄褋泻
542,袣懈屑芯胁褋泻
543,袙芯谢芯泻芯谢邪屑褋泻
544,袩械褌褉芯胁褋泻
545,小芯谢褜-袠谢械褑泻
546,袠锌邪褌芯胁芯
547,袣芯褋褌芯屑褍泻褕邪
548,校写芯屑谢褟
549,携薪邪褍谢
550,袣邪褉锌懈薪褋泻
551,袣芯薪写芯锌芯谐邪
552,袣芯屑屑褍薪邪褉
553,袨褌褉邪写薪芯械
554,啸芯谢屑褋泻
555,袩芯谢褘褋邪械胁芯
556,袣褉邪褋薪芯锌械褉械泻芯锌褋泻
557,袣懈褉械械胁褋泻
558,袥邪斜褘褌薪邪薪谐懈
559,袗谢械泄褋泻
560,袛械褋薪芯谐芯褉褋泻
561,袛褟褌褜泻芯胁芯
562,小泻芯锌懈薪
563,小械屑褢薪芯胁
564,袗褋懈薪芯
565,袣邪褉邪褋褍泻
566,袟薪邪屑械薪褋泻
567,袚褍褋懈薪芯芯蟹褢褉褋泻
568,小械胁械褉芯褍褉邪谢褜褋泻
569,袘褍褌褍褉谢懈薪芯胁泻邪
570,袨蟹褢褉褘
571,小邪泻懈
572,袣邪谢邪褔-薪邪-袛芯薪褍
573,校薪械褔邪
574,袦芯褉芯蟹芯胁褋泻
575,小械胁械褉芯斜邪泄泻邪谢褜褋泻
576,小芯胁械褌褋泻邪褟 袚邪胁邪薪褜
577,袪芯写薪懈泻懈
578,袟械褉薪芯谐褉邪写
579,袣邪褉邪褔邪械胁褋泻
580,小褌褉芯懈褌械谢褜
581,孝邪褌邪褉褋泻
582,袦械写薪芯谐芯褉褋泻
583,袛邪谢褜薪械褉械褔械薪褋泻
584,校胁邪褉芯胁芯
585,小械谐械卸邪
586,袣褍褉褔邪谢芯泄
587,袧邪褉褜褟薪-袦邪褉
588,袚褍斜邪褏邪
589,小褉械写薪械褍褉邪谢褜褋泻
590,袣褍斜懈薪泻邪
591,袧械褎褌械泻褍屑褋泻
592,袙械褉褏薪懈泄 校褎邪谢械泄
593,小褌邪褉邪褟 袣褍锌邪胁薪邪
594,袦械薪写械谢械械胁褋泻
595,袞械谢械蟹薪芯胁芯写褋泻
596,袚芯谢懈褑褘薪芯
597,袗褌泻邪褉褋泻
598,袥械褉屑芯薪褌芯胁
599,袩邪胁谢芯胁褋泻
600,孝邪泄谐邪
601,袧懈泻芯谢褜褋泻芯械
602,袙械褉械褖邪谐懈薪芯
603,小芯褋薪芯谐芯褉褋泻
604,啸邪写褘卸械薪褋泻
605,袧械胁褜褟薪褋泻
606,孝褘褉薪褘邪褍蟹
607,袣芯褌械谢褜薪懈泻芯胁芯
608,孝邪褕褌邪谐芯谢
609,袛邪胁谢械泻邪薪芯胁芯
610,袘褉芯薪薪懈褑褘
611,袙懈谢褞褔懈薪褋泻
612,袣邪谢褌邪薪
613,袙懈褏芯褉械胁泻邪
614,小械屑懈泻邪褉邪泻芯褉褋泻
615,袥褘褋泻芯胁芯
616,袘邪胁谢褘
617,小邪褋芯胁芯
618,袞械谢械蟹薪芯谐芯褉褋泻-袠谢懈屑褋泻懈泄
619,袙械谢褜褋泻
620,袗谢写邪薪
621,袗谢邪谐懈褉
622,袣褉邪褋薪芯褍褉邪谢褜褋泻
623,袘械卸械褑泻
624,校褋褌褜-袣邪褌邪胁
625,袨谢械薪械谐芯褉褋泻
626,袪芯褕邪谢褜
627,袥械薪褋泻
628,袣邪谢邪褔懈薪褋泻
629,小胁械褌谢褘泄
630,袪褘斜薪芯械
631,袣芯褌芯胁芯
632,袨褋褌褉芯胁
633,袘芯斜褉芯胁
634,袣芯谢锌邪褕械胁芯
635,袧芯胁芯锌邪胁谢芯胁褋泻
636,孝芯谐褍褔懈薪
637,袟邪褉邪泄褋泻
638,效械谐械屑
639,袨泻褌褟斜褉褜褋泻
640,袗褉屑褟薪褋泻
641,袪褟卸褋泻
642,小褘褋械褉褌褜
643,袘褍泄
644,袠褋懈谢褜泻褍谢褜
645,啸芯褌褜泻芯胁芯
646,楔邪褉褜褟
647,袗褉褋泻
648,袧懈卸薪懈泄 袥芯屑芯胁
649,袩懈泻邪谢褢胁芯
650,袨褏邪
651,袠薪褌邪
652,小械褉谐邪褔
653,袘芯谢芯谐芯械
654,袣芯褌械谢褜薪懈褔
655,袥械斜械写褟薪褜
656,袘械谢芯褟褉褋泻懈泄
657,袗谐褉褘蟹
658,袧械褉械褏褌邪
659,袘褍懈薪褋泻
660,孝械褉械泻
661,效械褉械锌邪薪芯胁芯
662,孝邪褉泻芯-小邪谢械
663,袧懈泻芯谢褜褋泻
664,袣褍褉芯胁褋泻芯械
665,袣芯胁褘谢泻懈薪芯
666,袣芯蟹褜屑芯写械屑褜褟薪褋泻
667,袛邪薪泻芯胁
668,肖芯泻懈薪芯
669,校褋屑邪薪褜
670,袨屑褍褌薪懈薪褋泻
671,袩褍褖懈薪芯
672,袛褍写懈薪泻邪
673,效械褉薪芯谐芯谢芯胁泻邪
674,袨褋邪
675,袟械褟
676,袟胁械褉械胁芯
677,袗褉邪屑懈谢褜
678,袩褉芯谢械褌邪褉褋泻
679,袗褉写芯薪
680,袥芯写械泄薪芯械 袩芯谢械
681,袩褉懈芯蟹械褉褋泻
682,袣懈褉芯胁谐褉邪写
683,袧懈泻芯谢邪械胁褋泻-薪邪-袗屑褍褉械
684,袧械谢懈写芯胁芯
685,啸邪褉邪斜邪谢懈
686,袧褟薪写芯屑邪
687,袧懈卸薪褟褟 孝褍褉邪
688,袩谢邪褋褌
689,袧芯胁褘泄 袨褋泻芯谢
690,小褍褉芯胁懈泻懈薪芯
691,袘芯谐芯褌芯谢
692,袝褉褕芯胁
693,袧械褎褌械谐芯褉褋泻
694,小谢褞写褟薪泻邪
695,协谢械泻褌褉芯褍谐谢懈
696,袣褍泻屑芯褉
697,袣褟褏褌邪
698,小褍写邪泻
699,袘邪泄屑邪泻
700,袩芯泻褉芯胁
701,小褌邪褉芯写褍斜
702,袞褍泻芯胁泻邪
703,楔邪褏褍薪褜褟
704,袣邪谢邪褔
705,小褍胁芯褉芯胁
706,袥褜谐芯胁
707,袝薪懈褋械泄褋泻
708,袣邪褉邪褔械胁
709,小芯斜懈薪泻邪
710,孝邪谢写芯屑
711,挟褉褜械胁-袩芯谢褜褋泻懈泄
712,袗斜写褍谢懈薪芯
713,袣芯薪褋褌邪薪褌懈薪芯胁褋泻
714,袣褍褋邪
715,袨薪械谐邪
716,袧芯胁芯屑懈褔褍褉懈薪褋泻
717,袩谢邪胁褋泻
718,袣芯蟹械谢褜褋泻
719,袧褘褌胁邪
720,袨褋褌邪褕泻芯胁
721,袟械谢械薪芯谐褉邪写褋泻
722,孝褍褉懈薪褋泻
723,袣褉邪褋薪芯褋谢芯斜芯写褋泻
724,袧懈卸薪褟褟 小邪谢写邪
725,楔懈屑邪薪芯胁褋泻
726,携褉芯胁芯械
727,袩芯胁芯褉懈薪芯
728,袘邪泻邪谢
729,袠薪蟹邪
730,楔褍屑懈褏邪
731,袘懈泻懈薪
732,袞褍泻芯胁
733,小胁械褌谢芯谐芯褉褋泻
734,袘芯泻褋懈褌芯谐芯褉褋泻
735,袣懈褉褋邪薪芯胁
736,袣邪屑褘蟹褟泻
737,袩芯写锌芯褉芯卸褜械
738,袚邪胁褉懈谢芯胁-携屑
739,袩芯泻邪褔懈
740,袩芯褉芯薪邪泄褋泻
741,袪褍蟹邪
742,袦械薪蟹械谢懈薪褋泻
743,袠谢邪薪褋泻懈泄
744,小械谢褜褑芯
745,袪邪泄褔懈褏懈薪褋泻
746,袣芯胁写芯褉
747,袣芯薪写褉芯胁芯
748,袦邪屑邪写褘褕
749,袦械卸谐芯褉褜械
750,袘芯谢芯褌薪芯械
751,袣懈蟹械谢
752,袞懈褉薪芯胁褋泻
753,袛械谐褌褟褉褋泻
754,小胁懈褉褋泻
755,携褋薪褘泄
756,袣邪褋谢懈
757,袧芯胁芯邪薪薪懈薪褋泻懈泄
758,袧械褉褔懈薪褋泻
759,袦邪谐邪褋
760,携褋薪芯谐芯褉褋泻
761,袧芯胁芯褍蟹械薪褋泻
762,袘芯褉芯写懈薪芯
763,袪褘谢褜褋泻
764,袣褍锌懈薪芯
765,袩械褌褉芯胁褋泻-袟邪斜邪泄泻邪谢褜褋泻懈泄
766,袩芯褔械锌
767,袩邪谢谢邪褋芯胁泻邪
768,袣邪谢懈薪懈薪褋泻
769,些懈谐褉褘
770,袘邪褉褘褕
771,小芯褉褌邪胁邪谢邪
772,孝邪谢懈褑邪
773,袣褍褉褌邪屑褘褕
774,小褍褏懈薪懈褔懈
775,袟邪锌芯谢褟褉薪褘泄
776,袛褍斜芯胁泻邪
777,袘械谢芯泻褍褉懈褏邪
778,笑懈屑谢褟薪褋泻
779,袧邪胁邪褕懈薪芯
780,袣邪褌邪胁-袠胁邪薪芯胁褋泻
781,袣褉邪褋薪芯蟹邪胁芯写褋泻
782,袚褉褟蟹芯胁械褑
783,袣褉邪褋薪芯胁懈褕械褉褋泻
784,袨褔褢褉
785,袘芯谐褍褔邪褉
786,袙芯谢谐芯褉械褔械薪褋泻
787,袩褉懈胁芯谢卸褋泻
788,袠胁写械谢褜
789,效褍写芯胁芯
790,袣褉邪褋薪褘泄 袣褍褌
791,携褉邪薪褋泻
792,袗谐懈写械谢褜
793,袩芯谢褟褉薪褘械 袟芯褉懈
794,校卸褍褉
795,楔谢懈褋褋械谢褜斜褍褉谐
796,袚胁邪褉写械泄褋泻
797,袣邪褕懈薪
798,袙邪谢写邪泄
799,袩械褋褌芯胁芯
800,携褏褉芯屑邪
801,袧械胁械谢褜
802,袞械褉写械胁泻邪
803,袠薪泻械褉屑邪薪
804,袥邪谐邪薪褜
805,小胁械褌芯谐芯褉褋泻
806,袘械谢芯芯蟹褢褉褋泻懈泄
807,袛邪薪懈谢芯胁
808,袧芯胁芯褍谢褜褟薪芯胁褋泻
809,袧懈泻芯谢邪械胁褋泻
810,袦械谢械薪泻懈
811,袥械薪懈薪褋泻
812,袣芯写懈薪褋泻
813,袩械褌褍褕泻懈
814,孝褉褍斜褔械胁褋泻
815,袩械褉胁芯屑邪泄褋泻
816,袗薪邪写褘褉褜
817,袘邪泄泻邪谢褜褋泻
818,袗写褘谐械泄褋泻
819,袣邪褉邪斜邪薪芯胁芯
820,袙褘褋芯泻芯胁褋泻
821,袦邪薪褌褍褉芯胁芯
822,挟卸邪
823,校写邪褔薪褘泄
824,袥邪泻懈薪褋泻
825,小懈屑
826,袚邪谢懈褔
827,袘械谢褢胁
828,袩懈芯薪械褉褋泻懈泄
829,袙褟蟹械屑褋泻懈泄
830,笑懈胁懈谢褜褋泻
831,袙械薪褢胁
832,袚芯褉芯褏芯胁械褑
833,袥褍泻芯褟薪芯胁
834,袣邪谢褟蟹懈薪
835,袘芯褉芯胁褋泻
836,小褟褋褜褋褌褉芯泄
837,袩械褌褉芯胁 袙邪谢
838,袗泻-袛芯胁褍褉邪泻
839,校褉械薪褜
840,袦芯谐芯褔邪
841,袛褉械蟹薪邪
842,袩芯谢褟褉薪褘泄
843,袗斜邪蟹邪
844,楔懈谢泻邪
845,啸胁邪谢褘薪褋泻
846,校褟褉
847,袣邪屑械褕泻芯胁芯
848,袩芯泻褉芯胁褋泻
849,袦械写胁械卸褜械谐芯褉褋泻
850,袙芯谢芯褋芯胁芯
851,袣邪褌邪泄褋泻
852,袨斜芯褟薪褜
853,小褌褉褍薪懈薪芯
854,楔邪谐芯薪邪褉
855,袩械褉械褋胁械褌
856,袣褉械屑褢薪泻懈
857,袛芯谢懈薪褋泻
858,袘邪斜邪械胁芯
859,袛邪谢屑邪褌芯胁芯
860,效邪锌谢褘谐懈薪
861,效泻邪谢芯胁褋泻
862,孝芯褉芯锌械褑
863,小芯褋械薪褋泻懈泄
864,袟邪泻邪屑械薪褋泻
865,小褍褉邪卸
866,袧邪褉懈屑邪薪芯胁
867,袚芯褉薪芯蟹邪胁芯写褋泻
868,效褍谢褘屑
869,袥懈褏芯褋谢邪胁谢褜
870,袣懈褉械薪褋泻
871,袝屑胁邪
872,袟胁械薪懈谐芯胁芯
873,袗褉泻邪写邪泻
874,袘械谢芯褍褋芯胁芯
875,袝褉屑芯谢懈薪芯
876,袗谢械泻褋邪薪写褉芯胁褋泻
877,袧芯胁邪褟 袥褟谢褟
878,袧械胁械谢褜褋泻
879,袟邪芯蟹褢褉薪褘泄
880,孝械褌褞褕懈
881,袣邪褉邪斜邪褕
882,挟卸薪芯-小褍褏芯泻褍屑褋泻
883,小褌邪褉褘泄 袣褉褘屑
884,袧邪蟹褘胁邪械胁褋泻
885,小褍写芯谐写邪
886,袙褘褌械谐褉邪
887,袧褟蟹械锌械褌褉芯胁褋泻
888,袣芯褉邪斜谢懈薪芯
889,袦懈褏邪泄谢芯胁
890,袘邪谢械泄
891,挟褉褞蟹邪薪褜
892,袩械褔芯褉褘
893,袙芯褉褋屑邪
894,袧褞褉斜邪
895,些褢谢泻懈薪芯
896,小芯褉褋泻
897,袙械褉褏薪懈泄 孝邪谐懈谢
898,袚芯褉薪褟泻
899,袣邪屑斜邪褉泻邪
900,袙懈谢褞泄褋泻
901,协褉褌懈谢褜
902,袣械屑褜
903,袦邪谢邪褟 袙懈褕械褉邪
904,袨泻褍谢芯胁泻邪
905,啸懈谢芯泻
906,小薪械卸薪芯谐芯褉褋泻
907,袨锌芯褔泻邪
908,袛懈谐芯褉邪
909,孝邪褉褍褋邪
910,孝褞泻邪谢懈薪褋泻
911,袟邪写芯薪褋泻
912,袠胁邪薪谐芯褉芯写
913,袟褍械胁泻邪
914,效邪写邪薪
915,袙芯谢芯写邪褉褋泻
916,袘械谢邪褟 啸芯谢褍薪懈褑邪
917,袗薪懈胁邪
918,袟邪胁懈褌懈薪褋泻
919,袛芯褉芯谐芯斜褍卸
920,袘芯谢褏芯胁
921,袟屑械懈薪芯谐芯褉褋泻
922,袘芯谢芯褏芯胁芯
923,袙褍泻褌褘谢
924,袚邪写卸懈械胁芯
925,小褍蟹写邪谢褜
926,袣褍胁褕懈薪芯胁芯
927,袧械屑邪薪
928,袥褍蟹邪
929,袥邪懈褕械胁芯
930,袗谢褍锌泻邪
931,孝械斜械褉写邪
932,袣芯谢邪
933,袩械褉械胁芯蟹
934,袙械褉褏薪械褍褉邪谢褜褋泻
935,袘芯写邪泄斜芯
936,袪褍写薪褟
937,袟邪胁芯谢卸褋泻
938,袗褉写邪褌芯胁
939,袗谢械泻褋邪薪写褉芯胁褋泻-小邪褏邪谢懈薪褋泻懈泄
940,袣邪褉谐芯锌芯谢褜
941,孝芯褌褜屑邪
942,袘械谢懈薪褋泻懈泄
943,小械褉邪褎懈屑芯胁懈褔
944,袘懈褉褞褋懈薪褋泻
945,袙芯谢褔邪薪褋泻
946,袙械褉褏薪褟褟 孝褍褉邪
947,袦懈泻褍薪褜
948,袣懈褉褋
949,袩械褌褍褏芯胁芯
950,袦懈薪褜褟褉
951,小芯谢褜褑褘
952,校褉卸褍屑
953,小芯褋薪芯胁泻邪
954,袨谢褢泻屑懈薪褋泻
955,啸邪褉芯胁褋泻
956,袘械谢芯蟹械褉褋泻
957,袣芯屑褋芯屑芯谢褜褋泻
958,袚褉械屑褟褔懈薪褋泻
959,袩懈褌泻褟褉邪薪褌邪
960,袝谢褜薪褟
961,袥懈锌泻懈
962,袣邪褉谐邪褌
963,袦邪屑芯薪芯胁芯
964,袘芯谢谐邪褉
965,袚芯褉芯写芯胁懈泻芯胁褋泻
966,袧芯谢懈薪褋泻
967,些褍褔褜械
968,袦械写褘薪褜
969,袧邪胁芯谢芯泻懈
970,校谐谢械谐芯褉褋泻
971,袧懈卸薪懈械 小械褉谐懈
972,袨斜谢褍褔褜械
973,袠薪褋邪褉
974,携写褉懈薪
975,挟褉褜械胁械褑
976,袟邪锌邪写薪邪褟 袛胁懈薪邪
977,袦邪褉懈懈薪褋泻懈泄 袩芯褋邪写
978,袛薪芯
979,校褋褌褞卸薪邪
980,袧械褟
981,袚芯褉芯写懈褖械
982,袣芯蟹谢芯胁泻邪
983,袟邪芯蟹褢褉褋泻
984,袘械谢芯屑芯褉褋泻
985,袙械褌谢褍谐邪
986,袨谢芯薪械褑
987,袩芯褔懈薪芯泻
988,小褘褔褢胁泻邪
989,袧芯胁邪褟 袥邪写芯谐邪
990,袩褍写芯卸
991,袩芯褉褏芯胁
992,笑懈芯谢泻芯胁褋泻懈泄
993,小褍芯褟褉胁懈
994,袣邪屑械薪薪芯谐芯褉褋泻
995,袣懈褉懈谢谢芯胁
996,袘懈褉褞褔
997,袣芯褋褌械褉褢胁芯
998,小邪谢邪懈褉
999,小泻芯胁芯褉芯写懈薪芯
1000,袗薪写褉械邪锌芯谢褜
1001,小褌邪褉懈褑邪
1002,小锌邪褋褋泻
1003,袦邪谢屑褘卸
1004,袩芯谢械褋褋泻
1005,袦谐谢懈薪
1006,袧芯胁芯褋芯泻芯谢褜薪懈泻懈
1007,袩褍褔械卸
1008,袦邪泻褍褕懈薪芯
1009,小械胁褋泻
1010,袙械褉褏芯褌褍褉褜械
1011,校褋芯谢褜械
1012,挟褏薪芯胁
1013,袩褉懈屑芯褉褋泻
1014,孝械屑薪懈泻芯胁
1015,袣薪褟谐懈薪懈薪芯
1016,孝芯屑屑芯褌
1017,袨褏邪薪褋泻
1018,袘邪谐褉邪褌懈芯薪芯胁褋泻
1019,小械薪谐懈谢械泄
1020,袙械褋褜械谐芯薪褋泻
1021,袛械屑懈写芯胁
1022,袛屑懈褌褉懈械胁
1023,袣褍褉谢芯胁芯
1024,袙械谢懈卸
1025,小械斜械卸
1026,袟褍斜褑芯胁
1027,袚褉邪泄胁芯褉芯薪
1028,小褉械褌械薪褋泻
1029,小褍褉褋泻
1030,袥邪褏写械薪锌芯褏褜褟
1031,袧芯胁芯褏芯锌褢褉褋泻
1032,楔邪褑泻
1033,袦邪泻邪褉芯胁
1034,小锌邪褋褋泻-袪褟蟹邪薪褋泻懈泄
1035,袦褍褉邪褕懈
1036,袣芯褉芯褔邪
1037,袦褘褕泻懈薪
1038,袣褉邪褋邪胁懈薪芯
1039,袘懈谢懈斜懈薪芯
1040,袞懈蟹写褉邪
1041,小芯谢懈谐邪谢懈褔
1042,袦邪泻邪褉褜械胁
1043,袨褉谢芯胁
1044,袚邪胁褉懈谢芯胁 袩芯褋邪写
1045,袗谢蟹邪屑邪泄
1046,袟谢褘薪泻邪
1047,袩褘褌邪谢芯胁芯
1048,袛屑懈褌褉芯胁褋泻
1049,楔懈褏邪薪褘
1050,袩芯褕械褏芯薪褜械
1051,小褍写卸邪
1052,孝褍褉邪薪
1053,袥褞斜懈屑
1054,袣褉邪褋薪褘泄 啸芯谢屑
1055,袙械褉械褟
1056,小锌邪褋-袣谢械锌懈泻懈
1057,肖邪褌械卸
1058,楔械薪泻褍褉褋泻
1059,效械褉写褘薪褜
1060,小锌邪褋-袛械屑械薪褋泻
1061,袥褞斜邪薪褜
1062,小褍褋褍屑邪薪
1063,袘邪斜褍褕泻懈薪
1064,孝芯屑邪褉懈
1065,效褍褏谢芯屑邪
1066,袦芯褋邪谢褜褋泻
1067,小谢邪胁褋泻
1068,袣邪写薪懈泻芯胁
1069,袩褍褋褌芯褕泻邪
1070,袩械胁械泻
1071,袛褍褏芯胁褖懈薪邪
1072,袩褉邪胁写懈薪褋泻
1073,袠薪薪芯锌芯谢懈褋
1074,袦械褖芯胁褋泻
1075,袥邪写褍褕泻懈薪
1076,袠谐邪褉泻邪
1077,袦邪谢芯邪褉褏邪薪谐械谢褜褋泻
1078,袚写芯胁
1079,袧械褋褌械褉芯胁
1080,袧芯胁芯褉卸械胁
1081,啸芯谢屑
1082,小褉械写薪械泻芯谢褘屑褋泻
1083,袘械谢褘泄
1084,效褢褉屑芯蟹
1085,袧芯胁芯褋懈谢褜
1086,袦械蟹械薪褜
1087,袣褍褉懈谢褜褋泻
1088,袣芯谢芯谐褉懈胁
1089,小械胁械褉芯-袣褍褉懈谢褜褋泻
1090,袚芯褉斜邪褌芯胁
1091,小芯谢褜胁褘褔械谐芯写褋泻
1092,袩谢褢褋
1093,袣械写褉芯胁褘泄
1094,袗褉褌褢屑芯胁褋泻
1095,袨褋褌褉芯胁薪芯泄
1096,袙褘褋芯褑泻
1097,效械泻邪谢懈薪
1098,袙械褉褏芯褟薪褋泻
